tower_id,temperature_c,power_usage_pct,traffic_load,weather,cpu_usage_pct,failed,cpu_temperature_ratio,power_temperature_ratio,traffic_pressure,weather_encoded,failure_risk_score
T10,66.92,85.65,1531,rain,98.78,1,1.4760908547519427,1.2798864315600718,1531,2,360.11600000000004
T3,26.99,23.29,830,fog,26.08,0,0.9662838088180807,0.8629121896998889,830,1,182.7715
T6,38.96,95.97,1191,rain,30.52,0,0.7833675564681725,2.4632956878850103,1191,2,273.538
T3,20.48,48.53,1375,fog,94.08,0,4.59375,2.36962890625,1375,1,308.792
T8,27.8,22.23,347,clear,19.94,0,0.7172661870503597,0.7996402877697841,347,0,84.784
T4,34.28,68.78,708,clear,70.6,0,2.0595099183197196,2.0064177362893814,708,0,178.046
T1,55.34,48.37,466,fog,34.23,0,0.6185399349475966,0.8740513191181785,466,1,123.70500000000001
T5,67.23,57.8,405,clear,20.09,0,0.29882492934701765,0.8597352372452773,405,0,113.38550000000001
T4,42.13,92.19,462,clear,24.61,0,0.5841443152148112,2.1882269166864465,462,0,126.2925
T5,53.55,59.07,1604,storm,99.16,1,1.8517273576097106,1.1030812324929973,1604,3,366.2835
T2,31.48,41.86,327,rain,86.58,0,2.7503176620076237,1.3297331639135959,327,2,99.25800000000001
T7,47.73,38.32,1194,storm,85.29,0,1.7869264613450662,0.8028493609888959,1194,3,275.9045
T8,56.92,35.16,1479,clear,51.76,0,0.9093464511595221,0.617709065354884,1479,0,327.414
T9,33.23,37.38,793,clear,34.54,0,1.0394222088474272,1.1248871501655133,793,0,181.2915
T2,27.28,39.32,751,storm,28.38,0,1.0403225806451613,1.4413489736070382,751,3,171.01
T4,29.98,60.63,1273,clear,84.83,0,2.8295530353569047,2.02234823215477,1273,0,291.187
T10,59.29,21.58,174,rain,35.56,0,0.5997638724911453,0.3639736886490133,174,2,61.350500000000004
T10,30.34,37.66,1073,storm,27.15,0,0.8948582729070533,1.241265655899802,1073,3,235.597
T10,43.44,47.22,513,storm,16.15,0,0.3717771639042357,1.0870165745856355,513,3,126.58400000000002
T6,23.83,20.11,578,fog,38.09,0,1.598405371380613,0.843894250944188,578,1,133.34750000000003
T8,25.82,43.37,1023,rain,95.82,0,3.711076684740511,1.6797056545313709,1023,2,239.193
T7,71.05,36.54,837,fog,11.58,0,0.1629838142153413,0.5142857142857143,837,1,194.93650000000002
T1,28.35,69.19,324,rain,26.47,0,0.9336860670194003,2.440564373897707,324,2,91.31949999999999
T10,66.45,39.4,842,rain,10.47,0,0.15756207674943568,0.5929270127915726,842,2,195.28650000000002
T6,51.95,37.81,1160,clear,70.95,0,1.3657362848893166,0.7278152069297401,1160,0,266.7395
T9,36.53,81.58,629,clear,12.42,0,0.33999452504790584,2.2332329592116067,629,0,153.73250000000002
T5,30.91,94.88,1570,clear,79.44,1,2.5700420575865417,3.069556777741831,1570,0,356.5915
T4,37.31,43.24,384,storm,76.86,0,2.0600375234521575,1.1589386223532565,384,3,110.59750000000003
T10,38.42,24.05,1581,rain,60.81,0,1.5827693909422176,0.6259760541384696,1581,2,343.07700000000006
T9,58.6,32.98,757,fog,32.31,0,0.5513651877133106,0.5627986348122866,757,1,179.258
T2,51.84,58.67,1711,clear,96.39,1,1.8593749999999998,1.1317515432098766,1711,0,386.1720000000001
T9,58.64,31.15,1415,fog,95.32,0,1.6255115961800817,0.5312073669849932,1415,1,323.104
T2,42.53,87.83,1299,rain,10.22,0,0.24030096402539386,2.0651304961203856,1299,2,290.34250000000003
T10,38.92,60.96,1543,fog,15.93,0,0.40930113052415207,1.566289825282631,1543,1,333.858
T3,43.37,50.71,1792,fog,88.53,0,2.0412727691952965,1.169241411113673,1792,1,397.24050000000005
T1,49.59,67.24,459,storm,91.18,1,1.8386771526517443,1.355918531962089,459,3,136.3315
T3,34.19,56.93,1488,rain,70.9,0,2.07370576191869,1.6651067563615094,1488,2,332.0135
T2,31.43,55.6,1331,fog,92.53,0,2.944002545338848,1.7690104995227491,1331,1,303.83349999999996
T9,22.05,20.71,556,rain,17.63,0,0.7995464852607709,0.9392290249433106,556,2,124.6805
T6,22.35,61.6,727,rain,16.33,0,0.730648769574944,2.756152125279642,727,2,166.8735
T1,50.19,77.1,727,fog,37.01,0,0.7373978880255031,1.5361625821876868,727,1,180.9195
T3,53.75,20.17,187,rain,36.17,0,0.6729302325581396,0.3752558139534884,187,2,62.405499999999996
T4,24.67,20.85,1693,clear,64.78,0,2.6258613700851234,0.845156059991893,1693,0,361.8935
T4,50.33,56.84,1085,fog,33.21,0,0.6598450228491953,1.129346314325452,1085,1,247.7425
T7,36.27,56.01,781,storm,89.34,0,2.4631927212572373,1.5442514474772537,781,3,194.7875
T2,43.16,80.29,1109,fog,60.53,0,1.4024559777571828,1.8602873030583877,1109,1,260.904
T9,57.1,31.4,809,fog,67.88,0,1.1887915936952713,0.5499124343257442,809,1,196.08100000000002
T5,22.55,31.11,123,fog,89.45,0,3.966740576496674,1.3796008869179601,123,1,54.499500000000005
T6,72.28,93.66,1677,fog,20.86,0,0.28859988931931374,1.2957941339236303,1677,1,376.52400000000006
T8,46.72,23.92,402,fog,75.87,0,1.623929794520548,0.5119863013698631,402,1,112.18800000000002
T8,56.24,35.63,182,rain,98.55,0,1.752311522048364,0.6335348506401138,182,2,77.59599999999999
T9,55.87,28.0,1314,fog,40.74,0,0.7291927689278683,0.5011634150706998,1314,1,290.6655
T6,68.84,49.66,122,fog,31.36,0,0.4555490993608367,0.7213829169087739,122,1,57.964
T7,32.42,81.36,531,rain,87.62,0,2.702652683528686,2.5095619987661935,531,2,148.401
T9,26.29,74.44,1058,rain,36.02,0,1.370102700646634,2.8314948649676683,1058,2,240.56450000000004
T9,40.41,75.04,355,clear,58.95,0,1.4587973273942096,1.856966097500619,355,0,107.90050000000001
T3,29.24,89.95,1252,storm,26.99,0,0.9230506155950753,3.0762653898768813,1252,3,281.548
T5,35.83,91.8,1470,clear,61.93,0,1.7284398548702204,2.5620987998883615,1470,0,333.7035
T2,68.28,22.72,924,clear,80.6,0,1.1804335090802576,0.3327475102519039,924,0,222.53400000000002
T8,48.28,65.23,1554,clear,31.85,0,0.6596934548467275,1.3510770505385252,1554,0,342.286
T10,69.67,30.25,719,clear,98.44,1,1.4129467489593799,0.4341897516865222,719,0,186.95550000000003
T4,29.88,92.91,1219,storm,76.05,0,2.5451807228915664,3.109437751004016,1219,3,285.512
T5,32.17,22.23,100,fog,27.77,0,0.8632266086415915,0.6910164749766863,100,1,38.1925
T8,32.24,36.13,843,rain,51.91,0,1.6101116625310172,1.1206575682382134,843,2,194.56800000000004
T4,20.89,45.94,412,rain,24.89,0,1.1914791766395405,2.1991383437051217,412,2,102.0885
T6,47.96,88.67,195,fog,78.16,0,1.6296914095079231,1.84883236030025,195,1,84.50600000000001
T2,62.05,39.86,561,storm,58.74,1,0.9466559226430299,0.6423851732473812,561,3,147.8825
T3,66.57,41.47,1688,fog,59.12,1,0.8880877272044465,0.622953282259276,1688,1,374.51050000000004
T7,62.51,37.49,1768,clear,27.74,1,0.44376899696048633,0.5997440409534475,1768,0,382.2735
T6,46.96,63.19,414,rain,63.24,0,1.3466780238500853,1.3456132879045997,414,2,120.126
T1,38.59,30.0,1089,rain,42.28,0,1.0956206271054676,0.7774034724021767,1089,2,242.20350000000002
T10,36.0,39.26,452,storm,17.31,0,0.4808333333333333,1.0905555555555555,452,3,111.16400000000002
T5,28.67,97.41,435,clear,31.16,0,1.0868503662364841,3.397628182769445,435,0,119.8815
T8,34.67,42.87,219,rain,34.49,0,0.9948081915200462,1.236515719642342,219,2,68.2395
T10,58.9,97.45,465,rain,49.28,0,0.836672325976231,1.6544991511035654,465,2,137.371
T8,72.77,37.99,1408,clear,83.04,0,1.1411295863680089,0.5220557922220695,1408,0,323.99850000000004
T9,55.4,50.29,1356,rain,26.99,0,0.4871841155234657,0.9077617328519856,1356,2,300.80600000000004
T7,65.17,53.27,1753,rain,85.05,1,1.305048335123523,0.8174006444683136,1753,2,394.85650000000004
T1,43.03,42.57,1266,rain,40.76,0,0.9472461073669532,0.9893097838717174,1266,2,280.9235
T3,42.43,47.08,464,storm,43.93,0,1.0353523450388875,1.1095922696205516,464,3,122.05950000000001
T4,59.45,41.95,1429,clear,81.69,0,1.3740958788898232,0.7056349873843566,1429,0,325.39050000000003
T1,64.99,36.52,195,fog,78.79,0,1.2123403600553933,0.5619326050161564,195,1,78.45950000000002
T3,54.71,64.79,1750,clear,82.22,0,1.5028331200877354,1.1842441966733688,1750,0,393.0795
T6,38.77,88.22,841,storm,63.65,0,1.641733298942481,2.2754707247872066,841,3,208.7165
T4,67.63,59.24,674,storm,23.81,1,0.3520626940706787,0.8759426290107941,674,3,168.76749999999998
T8,41.4,22.98,1699,storm,26.35,1,0.6364734299516909,0.5550724637681159,1699,3,360.466
T2,44.51,93.17,1231,fog,17.73,0,0.3983374522579196,2.093237474724781,1231,1,279.65749999999997
T4,36.76,36.47,185,fog,90.15,0,2.452393906420022,0.9921109902067465,185,1,71.66400000000002
T4,72.69,56.94,1325,fog,75.8,0,1.042784427018847,0.7833264548080892,1325,1,309.8705
T7,35.76,22.19,521,clear,89.11,0,2.4918903803131993,0.6205257270693513,521,0,135.4
T1,52.62,69.02,1440,clear,88.28,0,1.6776890916001521,1.3116685670847585,1440,0,332.615
T2,63.33,90.76,476,rain,40.28,1,0.6360334754460761,1.433128059371546,476,2,137.54050000000004
T3,29.93,60.28,366,fog,21.38,0,0.71433344470431,2.014032743067157,366,1,97.1645
T2,33.15,97.17,313,clear,42.7,0,1.2880844645550529,2.931221719457014,313,0,98.8615
T5,64.99,29.93,347,storm,29.29,0,0.4506847207262656,0.46053238959839976,347,3,97.9415
T3,41.24,25.7,348,fog,15.36,0,0.3724539282250242,0.6231813773035887,348,1,88.27200000000002
T2,28.17,21.05,873,rain,17.77,0,0.6308129215477458,0.7472488462903798,873,2,189.70650000000003
T2,46.5,60.0,1571,rain,42.0,0,0.9032258064516129,1.2903225806451613,1571,2,346.52500000000003
T3,35.33,91.09,726,storm,35.89,1,1.0158505519388623,2.578262100198132,726,3,179.8785
T4,34.55,60.43,1578,storm,58.25,0,1.685962373371925,1.7490593342981189,1578,3,348.4235
T1,57.12,67.29,1745,rain,22.89,0,0.4007352941176471,1.1780462184873952,1745,2,381.616
T6,43.26,49.28,1564,rain,98.99,1,2.2882570503929727,1.13915857605178,1564,2,353.569
T6,67.95,47.47,1501,rain,67.53,0,0.9938189845474613,0.6986019131714496,1501,2,340.4875
T8,39.06,97.42,1608,fog,66.63,1,1.705837173579109,2.494111623143881,1608,1,364.32500000000005
T8,38.38,33.75,1120,rain,53.2,0,1.386138613861386,0.879364252214695,1120,2,251.28500000000003
T2,23.81,27.3,223,rain,84.46,0,3.5472490550188995,1.146577068458631,223,2,73.2045
T7,20.52,89.78,453,clear,99.45,0,4.8464912280701755,4.375243664717349,453,0,133.57600000000002
T4,33.76,42.07,235,rain,84.91,0,2.5151066350710902,1.246149289099526,235,2,81.136
T5,52.34,89.56,1799,rain,64.36,0,1.2296522735957203,1.711119602598395,1799,2,403.96900000000005
T8,54.69,93.94,1755,rain,21.28,1,0.3891022124702871,1.7176814774181752,1755,2,388.0165
T1,28.17,27.06,154,rain,84.11,0,2.9858004969826055,0.9605963791267305,154,2,60.37649999999999
T3,29.25,50.55,1631,clear,96.25,1,3.2905982905982905,1.728205128205128,1631,0,362.87250000000006
T5,32.17,81.01,1737,storm,46.88,1,1.4572583152004974,2.518184644078334,1737,3,381.4705
T5,27.77,74.85,561,storm,15.52,0,0.5588764854159165,2.6953546993158084,561,3,137.6665
T1,43.72,97.76,138,clear,49.95,0,1.142497712717292,2.2360475754803297,138,0,68.072
T10,49.74,63.78,588,rain,40.9,0,0.8222758343385604,1.2822677925211097,588,2,151.27100000000002
T2,38.05,87.24,193,clear,33.94,0,0.8919842312746387,2.292772667542707,193,0,72.3485
T9,43.97,29.02,546,fog,10.64,0,0.241983170343416,0.6599954514441665,546,1,128.27450000000002
T5,35.79,91.64,1597,fog,75.11,0,2.098630902486728,2.560491757474155,1597,1,361.8475
T6,69.15,50.81,1123,storm,13.81,1,0.1997107736804049,0.7347794649313087,1123,3,255.2615
T10,41.67,69.29,1024,rain,80.0,0,1.919846412287017,1.6628269738420927,1024,2,245.37550000000002
T4,59.41,66.16,915,rain,67.24,0,1.131795993940414,1.1136172361555294,915,2,224.8325
T5,23.84,71.54,652,clear,71.27,0,2.9895134228187916,3.000838926174497,652,0,164.922
T1,67.77,82.88,498,fog,82.2,0,1.2129260734838425,1.2229600118046333,498,1,149.70850000000002
T9,30.84,23.38,1121,storm,51.54,0,1.671206225680934,0.75810635538262,1121,3,247.344
T7,22.56,65.48,1347,fog,82.2,0,3.643617021276596,2.9024822695035466,1347,1,304.726
T2,44.15,81.44,1775,clear,31.12,0,0.7048697621744054,1.844620611551529,1775,0,388.54949999999997
T10,54.38,94.35,600,rain,29.19,0,0.5367782272894447,1.735012872379551,600,2,158.603
T6,52.81,61.6,433,fog,27.92,0,0.5286877485324749,1.166445748911191,433,1,117.85650000000001
T3,26.7,57.04,1060,rain,40.65,0,1.5224719101123596,2.1363295880149815,1060,2,238.513
T9,31.77,74.42,959,clear,42.11,0,1.3254642744727732,2.3424614416115834,959,0,223.04850000000002
T7,25.92,75.2,1777,clear,98.96,1,3.8179012345679006,2.9012345679012346,1777,0,396.712
T8,64.96,83.83,370,storm,30.74,1,0.47321428571428575,1.2904864532019706,370,3,113.604
T3,74.84,82.99,1642,fog,55.02,1,0.7351683591662213,1.108898984500267,1642,1,374.862
T2,56.35,55.36,1616,fog,79.08,0,1.403371783496007,0.9824312333629104,1616,1,364.3255
T1,58.86,28.45,1780,clear,54.9,0,0.9327217125382263,0.48335032279986406,1780,0,387.385
T10,55.41,40.02,782,rain,34.49,0,0.6224508211514168,0.7222523010286953,782,2,185.45450000000002
T6,73.41,79.02,1783,storm,17.74,1,0.24165645007492167,1.0764201062525542,1783,3,394.7545
T9,74.56,98.19,1639,storm,39.11,0,0.524543991416309,1.316925965665236,1639,3,374.35
T1,65.38,50.37,392,storm,98.91,0,1.5128479657387581,0.7704190884062404,392,3,125.051
T4,20.08,96.18,1567,storm,57.64,0,2.8705179282868527,4.7898406374502,1567,3,349.63400000000007
T3,24.33,86.85,977,rain,17.17,0,0.7057131113851214,3.569667077681874,977,2,222.58650000000003
T8,36.52,92.68,1270,clear,58.92,0,1.6133625410733843,2.537787513691128,1270,0,293.45
T8,65.4,65.56,993,storm,75.54,0,1.155045871559633,1.002446483180428,993,3,243.62
T7,26.23,86.36,153,fog,13.87,0,0.528783835303088,3.292413267251239,153,1,57.353500000000004
T8,22.69,80.33,1421,storm,34.9,0,1.538122520934332,3.540326134861172,1421,3,313.3685
T8,50.65,69.59,490,fog,78.02,0,1.5403751233958538,1.3739387956564661,490,1,140.33450000000002
T1,68.88,76.67,447,storm,56.25,0,0.816637630662021,1.1130952380952381,447,3,133.654
T7,20.88,69.72,1292,rain,77.49,0,3.711206896551724,3.339080459770115,1292,2,293.362
T8,69.81,35.64,972,fog,42.97,0,0.6155278613379171,0.5105285775676837,972,1,227.7245
T6,50.34,91.95,342,storm,83.03,1,1.649384187524831,1.8265792610250298,342,3,116.431
T10,55.89,28.21,1221,fog,16.61,0,0.29719091071748077,0.5047414564322777,1221,1,267.2865
T9,57.57,91.08,459,storm,89.59,0,1.5561924613513984,1.5820739968733715,459,3,142.7765
T5,39.69,57.1,860,storm,48.22,0,1.214915595867977,1.4386495338876293,860,3,203.4365
T9,32.02,94.97,433,clear,37.14,0,1.159900062460962,2.9659587757651464,433,0,121.02700000000002
T7,52.57,72.04,1112,rain,67.98,0,1.2931329655697166,1.3703633250903557,1112,2,263.8465
T6,53.57,85.63,982,clear,22.59,0,0.4216912450998693,1.598469292514467,982,0,231.4365
T3,47.49,80.29,1268,clear,77.75,0,1.6371867761634027,1.6906717203621815,1268,0,297.08050000000003
T2,35.51,47.91,1558,fog,26.89,0,0.7572514784567728,1.3491974091805126,1558,1,335.5875
T6,31.37,74.97,1654,rain,92.88,1,2.960790564233344,2.389862926362767,1654,2,372.51250000000005
T3,56.64,37.64,1040,clear,78.74,0,1.390183615819209,0.66454802259887,1040,0,245.43599999999998
T6,33.98,90.27,250,storm,68.02,1,2.001765744555621,2.6565626839317247,250,3,90.60300000000001
T5,28.17,94.87,1585,clear,67.87,1,2.4093006744763934,3.367767128150515,1585,0,356.5905
T5,30.6,61.75,1101,rain,26.84,0,0.8771241830065359,2.0179738562091503,1101,2,245.86800000000002
T5,25.44,82.19,1504,rain,95.59,1,3.7574685534591192,3.2307389937106916,1504,2,343.016
T4,46.56,64.93,542,fog,46.63,0,1.0015034364261168,1.394544673539519,542,1,142.502
T7,63.07,89.52,513,fog,90.5,1,1.43491358807674,1.4193752972887268,513,1,154.5215
T7,43.9,69.2,1767,rain,39.56,0,0.9011389521640092,1.5763097949886107,1767,2,386.427
T9,27.48,78.65,1276,storm,78.09,0,2.841703056768559,2.862081513828239,1276,3,293.868
T9,34.49,98.99,250,storm,73.23,1,2.1232241229341837,2.8701072774717304,250,3,93.51650000000001
T7,28.44,47.34,1241,fog,14.88,0,0.5232067510548524,1.6645569620253164,1241,1,267.904
T10,46.46,48.65,945,fog,53.85,0,1.1590615583297461,1.0471373224278948,945,1,221.26500000000001
T4,42.5,46.74,534,clear,28.97,0,0.6816470588235294,1.099764705882353,534,0,132.567
T7,34.4,81.98,1709,rain,66.91,0,1.9450581395348836,2.383139534883721,1709,2,380.478
T10,24.31,58.38,221,rain,44.0,0,1.8099547511312217,2.4014808720691074,221,2,71.0535
T2,66.35,35.97,141,clear,61.61,0,0.9285606631499624,0.5421250941974378,141,0,64.3035
T9,50.99,46.56,1257,rain,29.79,0,0.584232202392626,0.913120219650912,1257,2,279.71750000000003
T2,22.45,43.2,1188,fog,92.53,0,4.1216035634743875,1.9242761692650336,1188,1,270.5085
T8,23.07,33.84,1690,clear,43.4,0,1.8812310359774598,1.4668400520156049,1690,0,359.2155
T10,45.31,44.85,189,clear,36.09,0,0.7965129110571618,0.9898477157360406,189,0,65.3155
T1,52.5,59.92,1280,clear,36.73,0,0.6996190476190476,1.1413333333333333,1280,0,288.455
T10,58.02,28.61,1588,fog,37.49,0,0.6461564977593933,0.4931058255773871,1588,1,345.47499999999997
T2,43.26,95.26,1246,storm,96.58,1,2.2325473878871938,2.2020342117429497,1246,3,298.833
T10,63.23,71.14,407,rain,79.64,0,1.259528704728768,1.1250988454847384,407,2,127.6635
T5,61.98,77.94,959,clear,84.65,0,1.3657631494030333,1.2575024201355276,959,0,239.81300000000002
T5,44.06,97.88,1664,clear,60.91,1,1.3824330458465728,2.221516114389469,1664,0,375.57300000000004
T8,45.75,24.89,1114,clear,42.85,0,0.9366120218579236,0.5440437158469945,1114,0,247.7855
T1,30.53,82.69,595,fog,23.27,0,0.7622011136586964,2.708483458892892,595,1,147.9745
T10,68.1,68.59,1068,storm,70.39,1,1.0336270190895742,1.0071953010279002,1068,3,258.871
T6,32.0,22.19,932,storm,61.48,0,1.92125,0.6934375,932,3,211.58399999999997
T8,49.58,44.87,891,clear,27.99,0,0.5645421540943929,0.9050020169423154,891,0,205.16700000000003
T6,33.93,92.66,926,fog,85.23,0,2.5119363395225465,2.7309165929855586,926,1,229.4105
T2,41.03,59.62,955,rain,83.38,0,2.032171581769437,1.453083109919571,955,2,230.1575
T1,41.22,22.52,1391,clear,36.19,0,0.8779718583212033,0.5463367297428433,1391,0,300.247
T6,66.71,69.56,1611,fog,86.0,1,1.289162044670964,1.0427222305501425,1611,1,370.1395
T8,58.14,46.32,1387,rain,93.88,0,1.6147230822153422,0.7966976264189887,1387,2,320.27500000000003
T2,73.72,75.37,674,fog,22.57,0,0.3061584373304395,1.0223819858925665,674,1,172.96800000000005
T7,57.28,69.05,201,storm,31.02,0,0.541550279329609,1.2054818435754189,201,3,74.98400000000002
T4,71.96,66.83,1705,rain,49.37,1,0.6860755975541968,0.9287103946637021,1705,2,382.53000000000003
T10,73.71,51.19,1330,rain,41.77,0,0.5666802333469001,0.6944783611450278,1330,2,303.3195
T4,62.47,42.01,854,storm,37.62,1,0.6022090603489675,0.6724827917400352,854,3,202.7935
T2,23.42,26.47,1788,storm,84.09,1,3.590520922288642,1.1302305721605463,1788,3,386.017
T5,41.11,66.44,1769,rain,31.97,0,0.77766966674775,1.616151787886159,1769,2,384.0595
T6,57.3,42.58,683,clear,56.74,0,0.9902268760907506,0.743106457242583,683,0,170.78900000000002
T2,59.96,91.64,1332,storm,50.41,1,0.8407271514342894,1.5283522348232155,1332,3,310.25
T9,66.81,29.62,619,storm,13.0,1,0.1945816494536746,0.4433468043706032,619,3,149.4765
T5,67.28,94.39,1315,clear,78.09,1,1.1606718192627825,1.4029429250891796,1315,0,314.316
T7,40.95,21.57,1195,rain,25.55,0,0.6239316239316239,0.5267399267399268,1195,2,258.9615
T10,72.97,50.5,238,storm,26.09,1,0.3575441962450322,0.6920652322872414,238,3,81.6105
T3,45.07,48.88,1561,storm,11.16,1,0.24761482138895052,1.0845351675171955,1561,3,335.92550000000006
T2,56.04,42.61,841,clear,26.38,0,0.4707351891506067,0.760349750178444,841,0,196.00800000000004
T2,65.77,63.45,240,fog,73.23,0,1.1134255739698953,0.9647255587653947,240,1,91.9285
T3,24.57,50.3,777,fog,86.55,0,3.5225885225885225,2.047212047212047,777,1,189.06250000000003
T10,55.99,79.07,1240,fog,52.56,0,0.9387390605465262,1.4122164672262902,1240,1,288.4735
T4,24.69,30.66,1083,clear,45.64,0,1.848521668691778,1.2417982989064398,1083,0,238.03250000000003
T2,68.65,79.64,1609,fog,35.92,1,0.5232337946103423,1.1600873998543335,1609,1,362.22450000000003
T1,63.91,49.78,1617,clear,43.8,0,0.6853387576279143,0.778907839148803,1617,0,358.0935
T7,65.01,58.2,962,storm,80.68,1,1.2410398400246117,0.8952468850946008,962,3,236.8785
T7,51.68,32.42,1773,clear,42.45,0,0.8214009287925698,0.6273219814241486,1773,0,382.494
T2,50.76,62.27,709,fog,92.41,0,1.8205279747832939,1.2267533490937748,709,1,185.57600000000002
T2,72.24,86.29,1518,fog,84.72,1,1.1727574750830565,1.1944905869324476,1518,1,356.012
T7,71.17,27.9,193,rain,57.27,0,0.8046929886188001,0.39201910917521426,193,2,73.7265
T9,62.2,69.16,262,rain,81.53,0,1.3107717041800642,1.1118971061093246,262,2,98.388
T10,37.27,84.73,1002,rain,39.69,0,1.0649315803595383,2.2734102495304533,1002,2,234.9015
T9,33.35,23.23,309,rain,92.53,0,2.774512743628186,0.696551724137931,309,2,93.5895
T4,61.55,90.34,988,storm,60.6,1,0.9845653939886272,1.4677497969130788,988,3,243.62550000000002
T5,30.35,75.45,874,rain,92.34,0,3.042504118616145,2.485996705107084,874,2,216.24550000000002
T2,31.75,36.66,1142,clear,79.29,0,2.4973228346456695,1.1546456692913385,1142,0,259.5275
T3,53.59,83.56,1557,clear,92.14,0,1.7193506251166262,1.559246128008957,1557,0,359.93750000000006
T10,56.47,24.95,1767,storm,74.92,1,1.3267221533557643,0.4418275190366566,1767,3,387.9415
T4,73.47,25.54,720,clear,32.02,0,0.43582414590989527,0.34762488090377025,720,0,173.8795
T8,68.92,31.58,1124,clear,56.13,0,0.8144225188624492,0.4582124201973302,1124,0,259.572
T1,38.83,58.37,475,fog,57.22,0,1.4736028843677569,1.5032191604429566,475,1,127.97550000000001
T6,47.81,80.19,936,fog,14.78,0,0.3091403472076971,1.6772641706755909,936,1,218.2965
T10,25.66,31.16,1799,storm,40.82,1,1.5908028059236166,1.2143413873733437,1799,3,381.061
T8,41.09,39.97,588,fog,44.68,0,1.0873691895838402,0.9727427597955706,588,1,144.95250000000001
T4,40.77,61.65,601,fog,90.87,0,2.2288447387785135,1.5121412803532008,601,1,161.0465
T6,27.61,59.93,579,storm,42.97,0,1.5563201738500543,2.170590365809489,579,3,143.7325
T9,28.4,97.97,288,fog,74.89,0,2.6369718309859156,3.449647887323944,288,1,99.42200000000003
T8,66.91,21.81,884,storm,58.73,0,0.8777462262740995,0.3259602451053654,884,3,210.0855
T6,68.39,95.02,873,rain,90.51,0,1.323439099283521,1.3893844129258663,873,2,229.10350000000003
T4,68.45,60.79,1141,clear,57.83,0,0.8448502556610664,0.8880934989043097,1141,0,269.0365
T2,28.73,97.69,457,clear,18.54,0,0.6453184824225547,3.400278454577097,457,0,121.8285
T6,31.19,38.85,482,rain,88.32,0,2.831676819493427,1.2455915357486373,482,2,129.9315
T6,54.33,65.88,122,clear,58.26,0,1.0723357261181667,1.2125897294312533,122,0,62.810500000000005
T2,54.18,28.47,1237,rain,91.37,0,1.6864156515319306,0.5254706533776301,1237,2,285.213
T9,55.67,25.9,1657,clear,77.14,0,1.3856655290102389,0.4652416022992635,1657,0,365.92550000000006
T5,41.55,30.88,631,clear,18.88,0,0.45439229843561973,0.7432009626955476,631,0,146.5395
T10,33.3,77.69,917,fog,98.62,0,2.961561561561562,2.333033033033033,917,1,227.13700000000003
T8,26.89,40.9,171,clear,57.13,0,2.1245816288583117,1.5210115284492376,171,0,60.52850000000001
T6,37.42,41.04,923,rain,86.22,0,2.3041154462854085,1.0967397113842865,923,2,219.70700000000002
T9,65.41,68.17,103,rain,57.21,0,0.8746369056719157,1.042195382968965,103,2,62.3285
T8,66.95,54.99,1490,storm,75.83,0,1.1326362957430918,0.8213592233009709,1490,3,341.3515
T10,71.38,98.57,491,storm,56.71,1,0.794480246567666,1.3809190249369572,491,3,147.55100000000002
T5,55.3,42.94,233,rain,23.04,0,0.4166365280289331,0.7764918625678119,233,2,73.921
T6,41.45,56.29,268,rain,63.71,0,1.5370325693606754,1.3580217129071168,268,2,88.2625
T8,25.88,44.99,1660,clear,49.15,0,1.8991499227202473,1.7384080370942814,1660,0,357.298
T1,46.63,85.79,1522,clear,81.57,0,1.7493030238044176,1.8398027021230967,1522,0,349.52950000000004
T2,30.78,98.08,1437,clear,54.31,0,1.7644574398960364,3.1864847303443793,1437,0,325.57300000000004
T6,68.21,49.5,1624,rain,17.05,0,0.24996334848262722,0.7257000439818209,1624,2,355.46250000000003
T9,67.5,31.16,1419,storm,96.99,0,1.4368888888888889,0.4616296296296296,1419,3,326.75500000000005
T2,30.68,67.38,1103,rain,94.45,0,3.0785528031290745,2.196219035202086,1103,2,260.93600000000004
T2,35.83,74.48,187,storm,81.82,0,2.283561261512699,2.078704995813564,187,3,78.06750000000001
T8,63.33,64.64,1228,rain,74.71,0,1.179693668087794,1.0206852992262752,1228,2,289.6025
T9,30.7,38.99,295,clear,45.86,0,1.4938110749185667,1.2700325732899023,295,0,83.645
T5,29.06,62.18,793,fog,12.56,0,0.4322092222986924,2.139710942876807,793,1,180.96300000000002
T1,37.36,88.69,1224,clear,31.36,0,0.8394004282655246,2.3739293361884366,1224,0,278.15
T4,31.05,61.09,911,rain,13.54,0,0.4360708534621578,1.9674718196457328,911,2,205.18850000000003
T8,46.74,35.07,1336,clear,76.23,0,1.6309370988446728,0.7503209242618741,1336,0,301.145
T3,52.48,37.27,182,rain,52.75,0,1.0051448170731707,0.7101753048780489,182,2,67.824
T6,25.65,66.35,1443,fog,73.78,0,2.876413255360624,2.586744639376218,1443,1,323.1885
T4,39.91,48.43,782,rain,60.93,0,1.526685041343022,1.2134803307441744,782,2,188.54950000000002
T9,28.02,99.28,1618,rain,15.94,0,0.5688793718772306,3.5431834403997144,1618,2,353.949
T1,29.91,27.7,606,rain,28.74,0,0.9608826479438315,0.9261116683383483,606,2,140.2655
T4,24.7,63.24,1192,clear,97.81,0,3.959919028340081,2.5603238866396762,1192,0,276.785
T7,21.1,68.58,1679,storm,37.3,1,1.767772511848341,3.2502369668246445,1679,3,362.70099999999996
T6,50.08,57.82,1628,clear,95.57,1,1.908346645367412,1.1545527156549522,1628,0,368.798
T9,50.03,35.16,1387,storm,47.6,0,0.9514291425144913,0.7027783330001998,1387,3,306.9095
T6,64.87,41.05,559,clear,76.21,0,1.1748111607831044,0.6328040696778171,559,0,151.4695
T5,56.21,94.46,497,storm,13.9,0,0.24728695961572675,1.6804838996619818,497,3,135.5745
T8,37.61,79.02,433,clear,96.31,0,2.560755118319596,2.101036958255783,433,0,131.0685
T7,29.95,42.63,1129,clear,53.54,0,1.7876460767946578,1.423372287145242,1129,0,252.5215
T10,70.96,46.89,204,clear,58.48,0,0.8241262683201804,0.660794813979707,204,0,79.614
T7,30.42,27.75,998,rain,74.27,0,2.4414858645627873,0.9122287968441815,998,2,227.90900000000005
T2,22.15,76.29,1388,rain,88.73,0,4.0058690744921,3.444243792325057,1388,2,316.4415
T5,43.93,64.73,549,fog,73.43,0,1.6715228773048032,1.473480537218302,549,1,148.5645
T6,54.74,27.46,494,clear,84.58,0,1.545122396784801,0.5016441359152357,494,0,134.893
T9,57.07,59.85,527,fog,96.12,0,1.684247415454705,1.0487121079376205,527,1,151.01150000000004
T9,63.99,57.46,200,rain,93.49,1,1.4610095327394905,0.8979528051258009,200,2,86.4875
T8,23.15,32.47,340,storm,33.88,0,1.4634989200863933,1.4025917926565874,340,3,87.5075
T1,21.12,22.96,459,clear,51.51,0,2.438920454545454,1.0871212121212122,459,0,111.97400000000002
T7,42.34,79.13,1789,fog,69.3,0,1.6367501180916388,1.8689182805857343,1789,1,398.221
T8,31.22,92.07,1795,storm,35.11,1,1.1245996156310059,2.9490711082639334,1795,3,392.691
T4,44.84,95.87,168,storm,82.42,1,1.8380909901873326,2.1380463871543265,168,3,80.91800000000002
T3,58.32,93.32,1071,rain,74.75,0,1.281721536351166,1.6001371742112482,1071,2,262.694
T1,26.88,57.3,1688,fog,68.43,0,2.545758928571429,2.1316964285714284,1688,1,369.616
T6,29.34,20.71,1433,rain,34.09,0,1.1618950238582142,0.7058623040218133,1433,2,305.195
T7,44.76,30.86,1210,clear,39.15,0,0.8746648793565683,0.6894548704200179,1210,0,267.192
T7,34.16,51.08,542,storm,53.7,0,1.5720140515222485,1.4953161592505855,542,3,138.346
T5,40.68,77.9,1331,rain,91.26,0,2.2433628318584073,1.9149459193706984,1331,2,310.502
T1,57.29,99.61,1318,storm,42.72,0,0.7456798743236167,1.7386978530284518,1318,3,306.8385
T1,68.21,51.04,1747,fog,43.39,1,0.6361237355226507,0.7482773786834775,1747,1,385.4885
T3,70.47,25.82,1749,clear,68.34,0,0.9697743720732227,0.3663970483893856,1749,0,386.2495
T2,71.39,60.32,1216,fog,67.55,0,0.9462109539151141,0.8449362655834151,1216,1,286.7715
T9,53.11,85.87,195,rain,27.36,0,0.5151572208623612,1.6168329881378272,195,2,75.2235
T6,67.74,96.62,911,fog,99.5,0,1.468851490994981,1.4263359905521111,911,1,238.50900000000001
T2,35.52,24.89,1002,rain,27.34,0,0.7697072072072071,0.7007319819819819,1002,2,220.026
T10,58.66,69.05,1594,clear,18.75,0,0.3196385952949199,1.1771224002727583,1594,0,351.02500000000003
T9,68.53,25.88,1468,clear,94.58,1,1.380125492485043,0.3776448270830293,1468,0,334.8245
T3,74.87,86.34,560,fog,52.76,0,0.7046881260852143,1.1531988780552958,560,1,158.6875
T4,63.09,73.29,688,rain,64.41,0,1.0209224916785544,1.1616737993342845,688,2,181.2125
T4,52.3,26.06,913,fog,15.92,0,0.3043977055449331,0.4982791586998088,913,1,204.22100000000003
T1,25.01,64.83,240,fog,25.97,0,1.0383846461415434,2.592163134746101,240,1,72.56250000000001
T7,59.15,32.92,809,clear,60.07,0,1.0155536770921387,0.5565511411665258,809,0,195.18550000000002
T10,43.32,72.79,1261,storm,15.64,0,0.3610341643582641,1.680286241920591,1261,3,281.166
T8,62.6,94.53,377,storm,35.26,1,0.563258785942492,1.5100638977635783,377,3,117.45800000000001
T3,52.64,24.77,1093,fog,13.05,0,0.24791033434650456,0.4705547112462006,1093,1,239.47400000000005
T2,39.2,86.34,474,fog,16.19,0,0.41301020408163264,2.2025510204081633,474,1,125.25600000000001
T6,56.68,49.54,910,clear,82.89,0,1.4624206069160197,0.874029640084686,910,0,222.656
T7,63.97,99.61,1427,fog,79.46,1,1.242144755354072,1.5571361575738627,1427,1,337.35650000000004
T8,48.1,99.37,262,storm,55.68,1,1.1575883575883577,2.065904365904366,262,3,95.885
T8,65.22,48.23,464,clear,34.5,0,0.5289788408463661,0.7394970867831953,464,0,125.65100000000001
T6,50.53,22.34,151,fog,23.98,0,0.47456956263605776,0.44211359588363347,151,1,52.2465
T4,56.15,51.49,1718,rain,93.34,1,1.66233303650935,0.9170080142475513,1718,2,386.90350000000007
T9,42.66,97.72,1122,clear,11.06,0,0.2592592592592593,2.290670417252696,1122,0,256.821
T5,53.42,34.81,1361,clear,67.4,0,1.2616997379258705,0.6516286035192812,1361,0,305.997
T3,23.93,43.78,398,fog,52.39,0,2.189302131216047,1.829502716255746,398,1,104.96650000000002
T2,29.17,32.46,122,storm,15.07,0,0.5166266712375728,1.1127871100445663,122,3,41.648500000000006
T7,29.68,95.95,1490,rain,53.55,0,1.8042452830188678,3.2328167115902966,1490,2,335.62
T3,66.71,96.58,1643,rain,92.32,1,1.3839004646979463,1.4477589566781592,1643,2,383.3575
T6,69.14,99.91,624,clear,48.12,0,0.6959791726930864,1.4450390512004627,624,0,171.691
T10,38.07,44.6,888,clear,97.33,0,2.5566062516417127,1.1715261360651432,888,0,215.50350000000003
T6,55.99,68.4,885,storm,44.85,0,0.8010358992677263,1.221646722629041,885,3,214.0975
T10,26.75,45.31,146,clear,21.48,0,0.8029906542056074,1.6938317757009347,146,0,49.2455
T1,61.15,53.09,1119,fog,61.53,0,1.0062142273098937,0.8681929681112021,1119,1,262.1615
T10,56.52,77.26,1677,rain,65.53,0,1.1594125973106864,1.3669497523000709,1677,2,378.38800000000003
T6,62.45,57.75,1698,storm,55.25,1,0.8847077662129703,0.9247397918334668,1698,3,378.26250000000005
T6,66.6,69.5,833,fog,58.88,0,0.8840840840840842,1.0435435435435436,833,1,209.07600000000005
T5,48.03,42.83,623,storm,12.45,0,0.2592129918800749,0.8917343327087237,623,3,148.11350000000002
T1,48.49,43.96,1079,clear,14.26,0,0.29408125386677664,0.9065786760156733,1079,0,239.56650000000002
T1,50.63,53.67,1650,rain,96.91,1,1.9140825597471853,1.0600434524985187,1650,2,373.0735
T10,21.81,97.4,486,clear,29.08,0,1.3333333333333333,4.465841357175608,486,0,127.94850000000001
T5,20.19,70.31,1376,clear,46.36,0,2.29618623080733,3.482417038137692,1376,0,303.5815
T6,72.47,75.47,1184,clear,66.33,0,0.915275286325376,1.0413964399061681,1184,0,283.27750000000003
T9,42.46,59.58,896,fog,12.23,0,0.2880357983984927,1.4032030146019783,896,1,204.32700000000003
T9,65.48,38.5,405,rain,62.15,0,0.9491447770311545,0.5879657910812461,405,2,117.8
T2,72.79,87.61,1796,storm,87.1,1,1.1965929385904654,1.2035993955213626,1796,3,412.78950000000003
T3,51.77,35.07,849,rain,31.21,0,0.6028587985319683,0.6774193548387096,849,2,196.29850000000002
T1,59.84,86.96,1788,fog,56.67,0,0.9470254010695187,1.4532085561497323,1788,1,401.436
T2,26.04,44.23,226,storm,80.79,0,3.1025345622119818,1.6985407066052227,226,3,77.164
T9,56.56,64.93,587,clear,21.31,0,0.37676803394625175,1.147984441301273,587,0,148.788
T6,61.7,35.03,349,fog,46.51,0,0.7538087520259319,0.5677471636952999,349,1,101.68299999999999
T5,33.73,35.36,597,clear,97.63,0,2.8944559739104654,1.0483249332938038,597,0,154.43050000000002
T8,68.52,39.54,233,storm,47.08,1,0.6870986573263281,0.5770577933450087,233,3,81.504
T9,56.67,54.66,226,fog,79.64,0,1.405329098288336,0.9645314981471678,226,1,86.3775
T5,41.91,82.39,1539,clear,38.77,0,0.9250775471247914,1.9658792650918637,1539,0,342.5095
T1,27.46,29.46,1409,storm,28.63,0,1.0426074289876184,1.0728332119446466,1409,3,300.733
T6,38.48,38.2,434,rain,10.19,0,0.2648128898128898,0.9927234927234929,434,2,106.398
T6,48.62,97.39,1664,clear,85.24,1,1.7531879884821062,2.0030851501439737,1664,0,381.481
T3,61.85,27.88,255,storm,62.09,0,1.0038803556992724,0.450767987065481,255,3,84.90650000000001
T5,62.82,57.34,689,rain,71.86,0,1.1439032155364532,0.9127666348296721,689,2,179.64500000000004
T8,33.55,92.61,1161,rain,60.91,0,1.8154992548435172,2.7603576751117735,1161,2,271.59150000000005
T3,52.04,99.12,1591,clear,75.87,1,1.4579169869331285,1.9046887009992315,1591,0,366.208
T4,67.76,71.67,125,fog,16.59,0,0.24483471074380164,1.0577036599763872,125,1,59.742
T1,71.8,24.66,1250,storm,39.99,1,0.5569637883008357,0.3434540389972145,1250,3,281.33
T7,37.69,64.47,157,clear,27.6,0,0.7322897320244097,1.7105332979570178,157,0,59.2365
T1,51.45,99.18,1723,rain,90.55,1,1.759961127308066,1.9276967930029154,1723,2,395.7085000000001
T8,55.5,88.1,1215,clear,18.85,0,0.33963963963963967,1.5873873873873874,1215,0,278.265
T7,64.74,48.16,1618,clear,55.11,1,0.8512511584800742,0.743898671609515,1618,0,360.439
T4,60.53,99.14,406,rain,20.98,0,0.3466049892615232,1.6378655212291426,406,2,120.65650000000001
T5,51.81,33.24,993,storm,53.67,0,1.035900405327157,0.6415749855240301,993,3,229.38450000000003
T1,38.12,56.89,1142,storm,74.95,0,1.9661594963273874,1.4923924449108081,1142,3,264.748
T10,68.72,99.73,1340,fog,55.57,1,0.8086437718277066,1.4512514551804425,1340,1,316.38999999999993
T5,27.42,20.88,690,storm,36.82,0,1.3428154631655724,0.761487964989059,690,3,156.845
T7,55.79,77.71,1366,clear,38.08,0,0.6825595984943538,1.3929019537551532,1366,0,310.3055
T8,28.1,59.36,171,clear,62.7,0,2.2313167259786475,2.1124555160142346,171,0,65.637
T8,65.94,52.28,799,storm,48.04,1,0.7285410979678496,0.7928419775553533,799,3,196.799
T2,24.68,74.77,1685,rain,56.72,0,2.298217179902755,3.029578606158833,1685,2,369.76800000000003
T2,61.09,69.75,1179,clear,98.23,1,1.6079554755279095,1.1417580618759207,1179,0,284.66850000000005
T5,34.83,65.4,358,rain,15.17,0,0.43554407120298594,1.877691645133506,358,2,96.72150000000002
T1,53.33,84.72,991,fog,45.17,0,0.8469904369023065,1.588599287455466,991,1,237.6605
T3,32.04,84.6,1504,rain,90.02,1,2.809612983770287,2.640449438202247,1504,2,344.03400000000005
T6,61.51,58.25,729,clear,26.72,0,0.43440091042106976,0.9470004877255731,729,0,178.1715
T9,20.83,84.1,593,clear,96.21,0,4.618819011041767,4.037445991358617,593,0,159.8695
T4,36.52,94.81,450,fog,29.52,0,0.8083242059145673,2.5961117196056955,450,1,124.146
T5,46.03,47.37,1608,rain,77.68,0,1.6875950467086684,1.029111449054964,1608,2,358.4175
T3,63.16,21.7,513,clear,54.06,0,0.8559214692843573,0.3435718809373021,513,0,133.542
T7,61.37,56.21,522,rain,89.76,0,1.4626038781163437,0.9159198305360926,522,2,149.2365
T10,55.28,23.64,1682,rain,24.81,0,0.44880607814761214,0.4276410998552822,1682,2,360.21000000000004
T2,72.23,76.75,1663,clear,90.1,0,1.2474041257095387,1.0625778762287137,1663,0,384.02750000000003
T2,39.74,28.15,1780,rain,82.56,0,2.077503774534474,0.7083543029693004,1780,2,388.377
T3,30.9,78.18,1741,fog,32.67,0,1.0572815533980584,2.5300970873786413,1741,1,378.245
T8,58.0,50.24,894,clear,28.54,0,0.4920689655172414,0.8662068965517242,894,0,209.056
T10,49.82,48.96,1120,storm,97.83,1,1.9636692091529506,0.9827378562826175,1120,3,266.263
T6,47.44,39.78,1497,rain,21.98,0,0.46332209106239464,0.8385328836424959,1497,2,323.91200000000003
T6,69.6,35.62,514,fog,10.33,0,0.14841954022988507,0.5117816091954023,514,1,129.54000000000002
T10,43.29,61.48,594,storm,48.4,0,1.118041118041118,1.42018942018942,594,3,152.0485
T10,22.57,59.9,222,rain,53.43,0,2.3673017279574657,2.6539654408506865,222,2,73.00850000000001
T9,52.92,76.96,523,fog,62.51,0,1.1812169312169312,1.4542705971277399,523,1,145.87400000000002
T10,23.58,47.91,1794,storm,83.09,0,3.5237489397794746,2.0318066157760812,1794,3,391.34499999999997
T7,69.01,49.16,494,rain,61.59,0,0.8924793508187219,0.7123605274597883,494,2,138.50250000000003
T6,42.84,20.23,639,fog,52.13,0,1.2168534080298785,0.4722222222222222,639,1,153.13200000000003
T8,29.16,28.73,540,clear,71.25,0,2.4434156378600824,0.9852537722908093,540,0,135.286
T1,69.4,25.17,524,fog,59.79,0,0.8615273775216138,0.3626801152737752,524,1,139.29200000000003
T5,71.99,22.41,1398,fog,73.98,0,1.0276427281566887,0.3112932351715516,1398,1,317.02549999999997
T1,20.98,21.3,1110,storm,72.11,0,3.4370829361296473,1.015252621544328,1110,3,246.37699999999998
T9,68.85,26.74,471,storm,84.32,0,1.2246913580246914,0.3883805374001453,471,3,134.0745
T1,31.0,69.63,1736,storm,91.99,0,2.9674193548387096,2.2461290322580645,1736,3,387.72400000000005
T4,59.94,25.21,944,clear,69.54,0,1.1601601601601603,0.42058725392058727,944,0,222.735
T4,57.35,44.28,702,storm,87.95,0,1.5335658238884045,0.7721011333914559,702,3,181.6335
T2,37.66,84.7,132,rain,16.23,0,0.43096123207647374,2.2490706319702607,132,2,56.301
T4,42.81,52.02,517,clear,42.53,0,0.9934594720859612,1.215136650315347,517,0,133.01250000000002
T5,60.12,81.71,978,clear,49.14,0,0.8173652694610779,1.3591151031270792,978,0,236.80000000000004
T7,69.56,74.93,1671,storm,73.59,0,1.0579355951696376,1.0771995399654974,1671,3,381.744
T1,56.1,35.26,1024,clear,84.79,0,1.5114081996434938,0.6285204991087343,1024,0,242.835
T9,64.08,35.23,677,storm,50.83,1,0.793227215980025,0.5497815230961298,677,3,169.082
T2,68.4,69.89,657,storm,58.63,1,0.8571637426900585,1.021783625730994,657,3,174.654
T2,29.65,21.75,931,rain,93.2,0,3.143338954468803,0.7335581787521079,931,2,216.90250000000003
T9,44.57,28.22,1706,rain,50.98,0,1.1438187121382095,0.6331613192730536,1706,2,368.4825000000001
T4,31.4,23.44,572,clear,28.11,0,0.8952229299363057,0.7464968152866243,572,0,132.56
T6,47.8,35.42,1693,fog,73.59,0,1.539539748953975,0.7410041841004185,1693,1,372.502
T3,41.08,81.17,1668,clear,27.88,0,0.6786757546251218,1.9759006815968843,1668,0,365.68000000000006
T8,33.19,28.72,1488,clear,55.02,0,1.6577282313949988,0.8653208797830673,1488,0,322.6455
T7,59.01,52.63,1419,clear,14.16,0,0.23995932892730046,0.891882731740383,1419,0,311.9105
T5,37.63,35.63,204,rain,34.76,0,0.9237310656391176,0.9468509168216849,204,2,64.58550000000001
T9,25.43,92.84,594,fog,61.73,0,2.4274478961856074,3.650806134486827,594,1,156.22150000000002
T1,30.88,32.3,327,rain,28.54,0,0.9242227979274611,1.0459844559585492,327,2,85.58800000000001
T10,39.36,47.59,1433,rain,56.15,0,1.4265752032520325,1.2090955284552847,1433,2,317.48800000000006
T1,36.25,88.63,655,clear,92.61,0,2.5547586206896553,2.4449655172413793,655,0,176.3105
T3,51.94,96.49,221,clear,67.86,0,1.306507508663843,1.8577204466692336,221,0,90.055
T9,69.67,84.8,246,clear,43.11,0,0.618774221329123,1.2171666427443661,246,0,92.1995
T10,44.09,75.37,635,storm,31.84,0,0.7221592197777273,1.7094579269675663,635,3,159.91449999999998
T9,63.63,98.01,1739,rain,21.63,0,0.3399339933993399,1.5403111739745403,1739,2,387.93550000000005
T2,41.26,46.62,165,clear,49.06,0,1.189045079980611,1.1299079011148812,165,0,62.45099999999999
T8,50.45,84.06,1594,rain,50.86,0,1.0081268582755203,1.6662041625371655,1594,2,358.69650000000007
T7,40.15,93.66,497,fog,72.78,0,1.8127023661270238,2.332752179327522,497,1,142.87550000000002
T5,68.29,30.27,1263,rain,84.09,0,1.2313662322448382,0.44325669937033235,1263,2,292.84450000000004
T5,33.01,31.03,244,rain,39.09,0,1.1841866101181462,0.9400181763102091,244,2,71.37650000000001
T3,64.3,96.97,1207,clear,41.19,1,0.6405909797822706,1.5080870917573872,1207,0,285.107
T9,36.58,62.53,281,storm,37.52,0,1.0256971022416623,1.7094040459267361,281,3,85.805
T6,28.1,69.62,124,storm,19.24,0,0.684697508896797,2.477580071174377,124,3,50.047000000000004
T2,29.97,36.34,226,clear,21.46,0,0.7160493827160495,1.212545879212546,226,0,64.2525
T3,34.37,36.98,683,rain,77.99,0,2.269130055280768,1.0759383183008437,683,2,168.48649999999998
T3,28.36,55.28,1189,rain,62.26,0,2.195345557122708,1.9492242595204514,1189,2,268.69800000000004
T4,54.53,41.83,311,storm,57.11,0,1.0473134054648816,0.7671006785255822,311,3,96.0705
T6,71.45,71.85,820,clear,16.52,0,0.2312106368089573,1.0055983205038488,820,0,199.53650000000002
T6,43.63,88.6,1015,rain,23.29,0,0.5338070135228054,2.030712812285125,1015,2,236.5855
T5,31.43,89.83,1676,rain,62.56,0,1.990454979319122,2.858097359210945,1676,2,373.8355000000001
T4,43.41,89.9,682,clear,36.68,0,0.8449665975581664,2.0709513936880906,682,0,172.56850000000003
T9,37.35,21.79,135,storm,57.84,0,1.5485943775100401,0.5834002677376171,135,3,52.713499999999996
T5,30.19,99.26,899,fog,83.12,0,2.7532295462073533,3.287843656840013,899,1,223.9735
T8,39.11,78.61,1485,rain,20.25,0,0.5177703912042956,2.009971874200972,1485,2,326.84950000000003
T5,53.13,28.09,788,rain,37.48,0,0.7054394880481836,0.5287031808770939,788,2,184.29650000000004
T3,35.09,45.92,1259,fog,89.02,0,2.536905101168424,1.3086349387289826,1259,1,287.71049999999997
T6,21.33,33.06,1418,rain,36.46,0,1.7093295827473045,1.5499296765119552,1418,2,303.1365
T8,53.73,74.11,883,storm,15.0,0,0.27917364600781686,1.3793039270426206,883,3,208.30450000000002
T2,65.25,54.32,1306,storm,87.1,1,1.3348659003831416,0.8324904214559387,1306,3,306.24649999999997
T6,48.67,81.75,281,fog,84.22,0,1.7304294226422847,1.6796794740086294,281,1,101.7115
T1,34.03,22.23,385,storm,88.49,0,2.600352630032324,0.6532471348809874,385,3,108.1015
T9,26.34,85.98,658,rain,81.43,0,3.091495823842066,3.264236902050114,658,2,171.967
T6,73.35,89.85,1103,clear,31.2,0,0.42535787321063395,1.2249488752556237,1103,0,263.14750000000004
T3,48.97,96.62,718,rain,24.29,0,0.49601797018582805,1.9730447212579132,718,2,180.3245
T7,70.24,79.05,1306,fog,90.99,0,1.2954157175398633,1.1254271070615034,1306,1,312.91799999999995
T6,54.03,84.54,308,clear,57.25,0,1.059596520451601,1.5646862853970018,308,0,103.4655
T10,45.58,33.98,326,fog,59.5,0,1.3053971039929795,0.7455024133391838,326,1,95.44100000000002
T10,60.84,89.8,615,storm,69.69,1,1.1454635108481261,1.4760026298487836,615,3,170.558
T9,60.2,23.87,1089,clear,56.3,0,0.9352159468438537,0.39651162790697675,1089,0,248.88400000000001
T5,69.59,74.58,1055,fog,24.13,0,0.34674522201465724,1.0717057048426497,1055,1,248.2895
T3,60.84,43.5,303,rain,88.16,0,1.4490466798159105,0.7149901380670611,303,2,102.44200000000001
T9,71.84,71.78,432,rain,55.38,0,0.7708797327394209,0.9991648106904232,432,2,130.092
T1,22.16,35.68,657,storm,78.52,0,3.543321299638989,1.6101083032490975,657,3,160.23
T9,68.65,89.79,1560,storm,84.77,1,1.234814275309541,1.3079388201019664,1560,3,364.5245
T4,28.92,64.33,376,clear,38.34,0,1.3257261410788381,2.224412171507607,376,0,102.96400000000001
T9,24.54,40.62,652,rain,82.16,0,3.3480032599837,1.6552567237163813,652,2,161.391
T9,51.18,75.23,910,rain,90.53,0,1.7688550214927707,1.4699101211410708,910,2,228.247
T8,30.84,50.43,1690,rain,10.58,0,0.3430609597924773,1.6352140077821011,1690,2,358.212
T8,35.42,37.27,111,rain,22.09,0,0.6236589497459062,1.0522303783173348,111,2,43.227
T9,68.53,49.67,399,storm,75.56,0,1.102582810447979,0.7247920618707135,399,3,122.42850000000003
T6,36.93,59.34,279,clear,62.19,0,1.6839967506092608,1.6068237205523965,279,0,89.33850000000001
T9,61.48,29.19,543,clear,10.02,0,0.16297983083929735,0.4747885491216656,543,0,131.81199999999998
T4,56.11,78.74,1558,clear,38.26,0,0.6818748886116557,1.4033149171270718,1558,0,349.02750000000003
T1,41.34,43.95,625,clear,96.86,0,2.3430091920657956,1.0631349782293178,625,0,163.497
T10,41.0,39.86,1571,clear,22.75,0,0.5548780487804879,0.9721951219512195,1571,0,336.97200000000004
T6,62.94,44.57,605,rain,82.04,0,1.3034636161423578,0.7081347314903083,605,2,162.35700000000003
T3,20.37,71.13,213,fog,61.6,0,3.0240549828178693,3.4918998527245946,213,1,74.38850000000001
T3,30.84,35.49,661,rain,83.9,0,2.7204928664072634,1.1507782101167316,661,2,164.08800000000002
T2,45.79,83.59,1597,rain,62.54,0,1.36580039309893,1.8255077527844508,1597,2,360.37350000000004
T1,60.19,69.88,323,rain,71.72,0,1.1915600598105998,1.1609901977072603,323,2,108.2675
T10,38.01,42.87,1767,clear,30.55,0,0.8037358589844779,1.127861089187056,1767,0,377.58650000000006
T4,68.74,51.37,1318,clear,87.69,0,1.275676462030841,0.7473086994471924,1318,0,308.59700000000004
T1,45.13,98.95,867,clear,13.04,0,0.2889430534012851,2.192554841568801,867,0,207.08050000000003
T5,21.28,98.33,1777,rain,49.58,0,2.3298872180451125,4.620770676691729,1777,2,390.60200000000003
T10,37.96,54.2,198,clear,92.13,0,2.4270284510010534,1.42781875658588,198,0,78.35600000000001
T10,60.62,70.71,385,storm,15.95,1,0.26311448366875617,1.1664467172550312,385,3,109.937
T9,71.53,74.44,1072,fog,16.44,0,0.22983363623654413,1.040682231231651,1072,1,250.60850000000002
T8,65.03,81.63,1763,fog,49.36,1,0.7590342918652929,1.2552667999384899,1763,1,395.20550000000003
T2,29.1,80.03,387,fog,26.25,0,0.902061855670103,2.750171821305842,387,1,106.08100000000002
T2,37.95,70.5,376,fog,10.47,0,0.2758893280632411,1.8577075098814229,376,1,101.03150000000001
T10,31.91,47.66,1295,clear,45.29,0,1.4193042933249764,1.4935756816045125,1295,0,285.5675
T7,27.23,52.09,729,fog,71.99,0,2.643775247888358,1.912963643040764,729,1,177.57350000000002
T8,55.07,42.43,556,fog,36.56,0,0.6638823315779917,0.7704739422553114,556,1,140.91550000000004
T9,23.09,40.23,626,clear,99.15,0,4.294066695539195,1.7423126894759635,626,0,158.84850000000003
T8,20.81,95.58,1426,storm,86.88,1,4.174915905814513,4.592984142239308,1426,3,327.3445
T1,24.26,88.33,1519,clear,81.8,0,3.3718054410552347,3.640972794723825,1519,0,343.891
T10,22.71,71.12,567,storm,92.4,1,4.068692206076618,3.1316600616468517,567,3,152.23149999999998
T9,44.24,97.15,1764,clear,23.26,1,0.5257685352622061,2.195976491862568,1764,0,387.942
T3,29.64,20.08,333,fog,68.79,0,2.32085020242915,0.6774628879892037,333,1,91.93400000000003
T9,23.49,31.65,992,fog,78.26,0,3.3316304810557686,1.347381864623244,992,1,226.4045
T10,20.47,65.46,1521,storm,69.73,1,3.4064484611626775,3.197850512945774,1521,3,336.8055
T2,56.85,69.42,808,storm,53.89,0,0.9479331574318381,1.221108179419525,808,3,200.9245
T7,71.88,48.29,1410,rain,44.41,0,0.6178352810239288,0.6718141346688926,1410,2,318.81
T6,34.95,94.28,274,clear,51.49,0,1.473247496423462,2.6975679542203146,274,0,92.6915
T2,35.3,55.58,1263,rain,97.63,0,2.7657223796033996,1.5745042492917847,1263,2,292.367
T3,32.41,82.19,331,storm,91.87,1,2.834618944770133,2.53594569577291,331,3,109.5645
T6,25.69,22.17,1273,storm,13.35,0,0.5196574542623589,0.8629817049435579,1273,3,268.5765
T2,38.23,24.48,1633,storm,53.95,0,1.4111953962856398,0.640334815589851,1633,3,352.29350000000005
T3,29.75,72.33,1078,rain,64.11,0,2.1549579831932775,2.431260504201681,1078,2,250.62550000000005
T2,64.43,36.19,1348,storm,48.6,1,0.7543069998447928,0.5616948626416265,1348,3,303.11550000000005
T1,47.45,54.08,812,rain,99.99,0,2.1072708113804004,1.1397260273972603,812,2,205.37650000000002
T1,73.38,64.54,668,fog,48.52,0,0.6612155900790407,0.8795312074134642,668,1,174.70700000000002
T2,42.57,63.48,1733,clear,30.47,0,0.7157622739018088,1.4911909795630724,1733,0,376.0325
T3,40.25,79.64,1167,fog,99.03,0,2.4603726708074536,1.978633540372671,1167,1,279.3465
T9,41.31,88.89,337,rain,17.31,0,0.41902687000726213,2.1517792302106025,337,2,99.26750000000001
T2,39.25,46.22,191,fog,59.89,0,1.525859872611465,1.177579617834395,191,1,69.3845
T4,36.25,73.09,1094,storm,52.94,0,1.4604137931034482,2.016275862068966,1094,3,253.5185
T2,29.76,98.45,782,clear,13.55,0,0.45530913978494625,3.3081317204301075,782,0,186.24
T10,70.25,72.53,253,storm,92.95,1,1.3231316725978648,1.0324555160142348,253,3,101.7085
T2,29.3,88.35,820,clear,62.13,0,2.1204778156996587,3.015358361774744,820,0,201.421
T9,33.56,38.61,543,storm,21.93,0,0.6534564958283671,1.150476758045292,543,3,129.548
T3,31.2,73.73,1543,clear,85.99,0,2.7560897435897433,2.363141025641026,1543,0,348.344
T1,50.29,58.08,621,rain,93.85,0,1.8661761781666335,1.1549015708888446,621,2,167.45850000000002
T3,25.65,35.09,1161,rain,75.28,0,2.9348927875243667,1.3680311890838208,1161,2,260.98650000000004
T7,23.52,89.19,1096,storm,59.25,0,2.5191326530612246,3.7920918367346936,1096,3,255.218
T1,72.44,98.07,1645,fog,64.1,1,0.8848702374378796,1.3538100496963004,1645,1,379.69399999999996
T5,74.39,69.53,366,storm,23.86,0,0.3207420352197876,0.9346686382578303,366,3,110.92550000000001
T4,37.97,23.98,579,storm,24.01,0,0.6323413220963919,0.6315512246510403,579,3,135.3405
T6,30.53,69.43,960,rain,43.7,0,1.4313789715034393,2.274156567310842,960,2,222.55850000000004
T9,33.23,86.19,515,fog,78.53,0,2.363226000601866,2.5937405958471262,515,1,144.4015
T1,63.47,29.75,1690,clear,67.81,0,1.068378761619663,0.4687253820702694,1690,0,373.3795
T4,59.4,87.64,351,rain,58.98,0,0.9929292929292929,1.4754208754208755,351,2,114.67399999999999
T1,68.44,95.99,133,clear,45.14,1,0.6595558153126827,1.402542372881356,133,0,71.936
T3,32.03,21.0,1248,rain,16.42,0,0.5126443958788636,0.6556353418669997,1248,2,265.3915
T6,71.85,46.62,972,storm,52.57,0,0.7316631871955463,0.6488517745302714,972,3,232.6505
T4,52.46,31.42,1501,storm,44.23,1,0.8431185665268776,0.5989325200152498,1501,3,328.895
T3,45.76,20.13,959,rain,58.76,0,1.2840909090909092,0.43990384615384615,959,2,219.31800000000004
T1,29.32,62.05,1400,rain,26.3,0,0.8969986357435198,2.1163028649386084,1400,2,305.3
T10,60.11,56.32,1187,storm,90.07,1,1.4984195641324238,0.9369489269672268,1187,3,282.1555
T1,20.06,31.37,450,clear,87.78,0,4.375872382851446,1.5638085742771686,450,0,118.845
T6,70.39,21.3,320,rain,59.78,0,0.8492683619832363,0.30259980110811197,320,2,98.1135
T1,43.17,35.47,1695,rain,32.69,0,0.7572388232568913,0.8216353949501969,1695,2,363.72450000000003
T4,73.41,40.85,452,storm,90.21,0,1.2288516550878628,0.5564636970439995,452,3,135.4145
T8,25.02,21.52,360,storm,37.35,0,1.4928057553956835,0.8601119104716227,360,3,90.479
T7,58.23,28.62,675,rain,49.5,0,0.8500772797527049,0.491499227202473,675,2,165.4815
T8,39.03,27.03,430,rain,33.2,0,0.8506277222649244,0.6925441967717141,430,2,108.1035
T7,20.9,77.16,1316,clear,72.41,0,3.4645933014354067,3.691866028708134,1316,0,298.33899999999994
T6,42.67,70.45,759,fog,64.81,0,1.5188657136161237,1.6510428872744316,759,1,189.6695
T8,36.09,26.51,195,fog,91.95,0,2.5477971737323357,0.7345525076198393,195,1,71.8645
T2,56.45,82.2,1565,rain,42.91,0,0.7601417183348095,1.4561558901682905,1565,2,352.4345
T1,36.78,47.4,130,fog,12.73,0,0.3461120174007613,1.2887438825448612,130,1,47.370999999999995
T5,51.18,58.63,852,storm,66.34,0,1.29620945681907,1.1455646737006644,852,3,208.63899999999998
T3,73.13,37.15,201,rain,98.65,0,1.3489675919595243,0.5079994530288527,201,2,85.9425
T9,39.83,43.37,244,fog,84.41,0,2.119256841576701,1.0888777303540045,244,1,84.46350000000001
T8,23.24,63.99,1060,rain,55.55,0,2.390275387263339,2.7534423407917386,1060,2,242.01800000000003
T3,50.81,22.8,1080,storm,75.09,0,1.4778586892344028,0.4487305648494391,1080,3,248.73049999999998
T10,35.73,42.17,466,clear,67.39,0,1.8860901203470475,1.1802406940945984,466,0,124.0445
T4,36.14,72.09,1239,rain,86.47,0,2.392639734366353,1.9947426674045379,1239,2,288.84700000000004
T5,22.8,60.82,553,rain,88.99,0,3.903070175438596,2.6675438596491228,553,2,146.562
T7,55.73,31.6,1119,storm,44.92,0,0.8060290687242061,0.5670195585860399,1119,3,253.4865
T3,30.09,21.42,1661,storm,55.15,0,1.8328348288467928,0.7118644067796611,1661,3,355.48650000000004
T5,46.41,80.53,731,fog,70.15,0,1.5115276879982764,1.7351863822452058,731,1,188.0885
T8,29.04,54.27,1105,rain,18.31,0,0.6305096418732782,1.8688016528925622,1105,2,243.07600000000002
T8,31.84,28.02,415,storm,32.72,0,1.0276381909547738,0.8800251256281407,415,3,103.55799999999999
T4,24.14,67.12,403,fog,31.6,0,1.3090306545153272,2.7804473902236952,403,1,106.52900000000002
T9,65.1,22.95,425,fog,38.47,0,0.590937019969278,0.3525345622119816,425,1,113.709
T9,67.48,50.44,108,rain,39.47,0,0.5849140486069946,0.7474807350326022,108,2,56.752
T10,22.6,34.98,795,fog,71.17,0,3.1491150442477873,1.5477876106194688,795,1,186.03000000000003
T4,36.59,44.56,1123,fog,80.4,0,2.1973216725881386,1.2178190762503416,1123,1,258.8895
T7,43.81,27.87,194,storm,87.36,0,1.9940652818991096,0.6361561287377311,194,3,73.24850000000002
T6,51.27,65.22,376,fog,59.56,0,1.1616929978544959,1.2720889409011116,376,1,113.1235
T4,43.5,66.2,1176,storm,11.02,0,0.2533333333333333,1.5218390804597701,1176,3,261.969
T8,25.3,94.33,170,rain,72.6,0,2.869565217391304,3.7284584980237154,170,2,74.011
T4,30.42,63.46,441,clear,47.69,0,1.5677186061801445,2.0861275476660093,441,0,118.035
T2,21.95,87.08,1496,rain,26.2,0,1.193621867881549,3.9671981776765377,1496,2,327.6435
T10,39.84,65.36,172,rain,24.75,0,0.6212349397590361,1.6405622489959837,172,2,62.682
T3,32.61,49.33,398,storm,45.02,0,1.3805581110088931,1.5127261576203619,398,3,107.07250000000002
T10,20.21,88.01,1441,clear,32.41,0,1.6036615536862937,4.354774863928748,1441,0,317.3365
T10,65.34,95.63,1285,fog,30.51,0,0.4669421487603306,1.463575145393327,1285,1,298.71299999999997
T10,29.21,57.89,1072,rain,71.2,0,2.437521396781924,1.9818555289284492,1072,2,247.82050000000004
T8,22.89,21.9,485,clear,97.55,0,4.261686325906509,0.9567496723460025,485,0,126.6125
T2,66.77,46.22,1662,clear,27.96,1,0.4187509360491239,0.6922270480754831,1662,0,363.92850000000004
T9,53.33,65.87,1016,rain,84.06,0,1.5762235139696232,1.2351396962310146,1016,2,246.81850000000003
T8,41.78,56.32,118,fog,22.94,0,0.5490665390138822,1.3480134035423648,118,1,50.047000000000004
T5,64.58,53.89,313,fog,96.46,1,1.4936512852276247,0.8344688758129453,313,1,108.965
T8,30.42,81.27,352,clear,30.5,0,1.0026298487836949,2.6715976331360944,352,0,100.35900000000001
T5,53.81,68.8,1403,fog,10.05,0,0.18676825868797622,1.2785727559933098,1403,1,309.97249999999997
T9,22.99,80.15,423,rain,49.08,0,2.1348412353197044,3.486298390604611,423,2,116.49350000000001
T9,48.46,59.98,1322,storm,92.72,0,1.9133305819232356,1.237721832439125,1322,3,307.505
T8,21.96,68.57,1577,storm,41.18,0,1.8752276867030964,3.122495446265938,1577,3,343.29
T4,23.34,77.85,174,clear,52.84,0,2.2639245929734364,3.3354755784061694,174,0,66.77300000000001
T4,40.2,93.52,1168,rain,35.99,0,0.895273631840796,2.3263681592039798,1168,2,269.85200000000003
T9,62.68,31.46,1609,storm,20.07,0,0.3201978302488832,0.501914486279515,1609,3,348.226
T9,28.6,29.72,1355,rain,46.48,0,1.625174825174825,1.0391608391608391,1355,2,293.69
T9,27.39,81.61,111,clear,57.6,0,2.1029572836801753,2.9795545819642206,111,0,56.889500000000005
T3,62.53,45.57,701,storm,16.77,0,0.2681912681912682,0.7287701903086519,701,3,168.75050000000002
T4,34.58,65.2,1106,clear,49.02,0,1.4175824175824177,1.8854829381145173,1106,0,252.68900000000002
T6,29.38,93.46,1032,clear,12.18,0,0.41456773315180395,3.181075561606535,1032,0,234.87300000000002
T5,31.67,62.67,281,clear,84.32,0,2.6624565835175242,1.9788443321755604,281,0,93.5155
T2,33.06,53.28,1333,rain,58.29,0,1.763157894736842,1.6116152450090744,1333,2,297.47900000000004
T6,52.33,59.01,1565,clear,83.12,0,1.5883814255685076,1.1276514427670552,1565,0,354.5085
T8,51.2,69.91,1448,fog,80.57,0,1.5736328124999999,1.3654296874999998,1448,1,332.64599999999996
T7,57.42,96.67,320,rain,57.25,0,0.9970393591083246,1.6835597352838731,320,2,109.43900000000001
T1,36.9,89.13,1322,rain,25.23,0,0.6837398373983741,2.415447154471545,1322,2,296.797
T10,59.85,79.73,1524,fog,26.69,0,0.4459482038429407,1.3321637426900585,1524,1,341.1965
T9,47.93,41.84,1726,clear,71.1,0,1.4834133110786563,0.872939703734613,1726,0,379.7705000000001
T4,58.97,40.32,774,storm,70.23,0,1.1909445480752927,0.6837374936408344,774,3,192.1025
T7,20.48,59.37,1156,clear,31.25,0,1.52587890625,2.89892578125,1156,0,254.44400000000002
T6,72.26,82.72,312,rain,69.57,0,0.9627733185718238,1.1447550512039855,312,2,111.22300000000001
T7,57.91,70.88,1506,fog,36.68,0,0.6333966499740977,1.2239682265584528,1506,1,337.3395
T10,51.49,50.46,973,fog,28.7,0,0.55738978442416,0.9799961157506312,973,1,223.45450000000002
T10,46.02,24.66,706,clear,28.24,0,0.6136462407648847,0.5358539765319426,706,0,163.28500000000003
T9,48.53,73.72,408,fog,43.07,0,0.8874922728209355,1.5190603750257572,408,1,117.24050000000003
T4,42.91,70.7,839,rain,39.59,0,0.9226287578652996,1.6476345840130509,839,2,200.88550000000004
T1,47.05,44.06,1393,clear,93.29,0,1.9827842720510098,0.936450584484591,1393,0,317.83250000000004
T5,50.18,47.8,1518,clear,97.51,0,1.9432044639298527,0.9525707453168593,1518,0,345.20700000000005
T1,63.94,55.53,1769,rain,50.06,1,0.7829214888958399,0.8684704410384736,1769,2,391.20300000000003
T9,53.35,83.32,1054,rain,86.16,0,1.614995313964386,1.5617619493908153,1054,2,258.3335
T1,31.75,45.41,1356,storm,65.59,0,2.0658267716535432,1.4302362204724408,1356,3,301.78749999999997
T4,21.44,83.46,1510,storm,86.16,1,4.01865671641791,3.8927238805970146,1510,3,341.734
T2,47.43,57.49,1648,storm,55.19,1,1.1636095298334388,1.212102045119123,1648,3,364.44350000000003
T5,49.08,83.1,110,clear,93.11,0,1.8971067644661777,1.6931540342298288,110,0,69.512
T3,41.85,99.8,1042,clear,41.02,0,0.9801672640382318,2.3847072879330944,1042,0,247.0265
T6,71.22,27.7,120,storm,51.11,0,0.7176354956472901,0.38893569222128616,120,3,58.017
T2,39.04,26.72,1033,fog,49.96,0,1.2797131147540983,0.6844262295081968,1033,1,231.846
T9,47.36,75.35,436,clear,74.61,0,1.5753800675675675,1.5910050675675675,436,0,129.032
T9,66.19,43.6,224,rain,67.71,0,1.022964193987007,0.6587097748904669,224,2,83.9095
T8,36.37,28.96,1450,clear,28.55,0,0.7849876271652462,0.7962606543854827,1450,0,310.5945
T7,74.56,46.45,829,fog,73.89,0,0.9910139484978541,0.6229881974248928,829,1,208.65800000000002
T1,60.18,70.09,259,clear,73.94,0,1.2286473911598537,1.1646726487205052,259,0,95.651
T5,37.44,98.41,382,rain,40.21,0,1.0739850427350428,2.6284722222222223,382,2,113.784
T6,71.9,99.43,343,clear,45.8,1,0.6369958275382475,1.3828929068150209,343,0,115.62100000000001
T9,30.3,20.24,167,clear,50.77,0,1.6755775577557757,0.6679867986798679,167,0,55.177
T1,48.89,47.99,1645,fog,57.32,0,1.1724278993659234,0.9815913274698302,1645,1,362.43449999999996
T3,57.44,56.93,521,clear,90.7,0,1.5790389972144847,0.9911211699164346,521,0,148.086
T2,27.78,37.2,647,clear,33.71,0,1.2134629229661626,1.3390928725701945,647,0,150.527
T9,71.0,67.47,1427,fog,60.15,0,0.8471830985915493,0.9502816901408451,1427,1,328.82399999999996
T4,63.17,54.98,698,storm,37.58,1,0.5949026436599651,0.8703498496121576,698,3,174.35449999999997
T10,61.35,28.49,994,storm,30.21,0,0.4924205378973105,0.4643846780766096,994,3,226.32750000000001
T2,47.18,46.1,329,clear,29.09,0,0.6165748198389148,0.9771089444679949,329,0,92.633
T6,31.11,45.45,675,storm,49.19,0,1.5811636129861781,1.4609450337512055,675,3,162.1555
T6,70.55,52.53,1757,clear,58.85,1,0.8341601700921333,0.744578313253012,1757,0,391.31350000000003
T4,43.16,99.01,1157,clear,32.28,0,0.7479147358665432,2.294022242817424,1157,0,268.44800000000004
T4,47.46,40.7,1577,rain,74.83,0,1.5766961651917404,0.8575642646439107,1577,2,350.67100000000005
T8,70.45,79.28,1311,fog,10.82,0,0.15358410220014193,1.1253371185237757,1311,1,297.98249999999996
T9,47.48,21.47,534,rain,74.08,0,1.5602358887952823,0.4521903959561921,534,2,138.08
T8,63.06,99.23,895,fog,61.59,1,0.9766888677450047,1.573580716777672,895,1,227.079
T1,57.39,64.09,240,fog,60.45,0,1.0533193936225824,1.116745077539641,240,1,87.40550000000002
T2,38.79,71.72,1523,storm,63.42,1,1.6349574632637278,1.848930136633153,1523,3,341.7755
T6,21.64,72.09,139,fog,86.93,0,4.017097966728281,3.331330868761553,139,1,65.16400000000002
T9,37.36,26.24,1593,rain,57.73,0,1.5452355460385439,0.702355460385439,1593,2,345.03400000000005
T1,52.76,76.68,1556,storm,99.58,0,1.8874147081122064,1.4533737680060654,1556,3,360.09200000000004
T5,67.88,31.35,190,clear,99.01,1,1.458603417796111,0.46184443134944025,190,0,81.042
T1,36.08,94.7,594,clear,43.57,0,1.2075942350332596,2.6247228381374725,594,0,155.47400000000002
T5,64.78,97.33,236,storm,83.46,1,1.2883606051250385,1.5024698981167026,236,3,100.003
T9,29.08,64.68,356,fog,20.08,0,0.6905089408528198,2.224209078404402,356,1,95.57200000000002
T5,63.85,55.75,1386,storm,13.6,1,0.21299921691464369,0.8731401722787784,1386,3,307.4825
T8,55.36,46.91,467,clear,85.76,0,1.5491329479768787,0.8473627167630057,467,0,133.774
T3,25.23,75.69,284,storm,54.31,0,2.152596115735236,3.0,284,3,89.55750000000002
T5,55.78,99.29,447,fog,41.8,0,0.7493725349587665,1.7800286841161708,447,1,131.713
T10,65.22,58.65,1019,rain,97.13,1,1.4892670959828274,0.8992640294388224,1019,2,251.56100000000004
T8,45.11,85.65,582,storm,56.81,0,1.2593659942363113,1.898692086011971,582,3,156.6195
T6,28.56,49.12,1364,storm,73.93,0,2.58858543417367,1.7198879551820727,1364,3,305.0
T4,29.81,96.38,419,rain,77.94,0,2.6145588728614557,3.2331432405233143,419,2,126.4165
T10,23.44,99.53,892,rain,11.58,0,0.4940273037542662,4.246160409556314,892,2,206.782
T2,64.47,96.34,1799,clear,26.12,1,0.40514968202264623,1.4943384519931753,1799,0,400.4095
T2,64.45,43.9,669,fog,14.2,0,0.2203258339798293,0.6811481768813032,669,1,161.6825
T6,60.32,22.28,1267,fog,80.42,0,1.3332228116710876,0.3693633952254642,1267,1,289.17
T10,43.36,44.96,690,clear,69.22,0,1.59640221402214,1.03690036900369,690,0,171.676
T6,31.13,46.16,872,storm,33.5,0,1.0761323482171539,1.4828140057822037,872,3,198.56449999999998
T7,21.48,94.91,765,fog,28.07,0,1.3067970204841712,4.41852886405959,765,1,183.116
T10,55.17,74.17,654,fog,96.23,0,1.7442450607214066,1.344390067065434,654,1,178.82250000000002
T1,24.31,22.9,292,clear,17.88,0,0.7354997943233237,0.941999177293295,292,0,72.6335
T9,50.04,96.36,684,storm,46.63,1,0.9318545163868905,1.9256594724220624,684,3,178.358
T10,40.33,96.3,1133,storm,90.58,0,2.2459707413835854,2.387800644681379,1133,3,274.5085
T8,71.37,40.39,1420,rain,33.4,0,0.4679837466722712,0.5659240577273363,1420,2,316.9005
T7,51.45,45.57,1723,fog,11.19,0,0.21749271137026238,0.8857142857142857,1723,1,368.9645
T8,45.81,26.91,1127,fog,43.41,0,0.9476096922069416,0.5874263261296659,1127,1,251.0665
T5,21.71,38.56,1355,rain,23.79,0,1.0958083832335328,1.7761400276370336,1355,2,289.1975
T2,44.66,70.62,1699,fog,20.29,0,0.4543215405284371,1.58128078817734,1699,1,369.29699999999997
T1,27.02,59.12,1348,clear,51.53,0,1.9071058475203553,2.1880088823094006,1348,0,298.485
T2,58.94,90.28,1445,clear,63.89,0,1.0839837122497455,1.5317271801832373,1445,0,334.569
T1,57.9,87.62,1738,storm,69.99,1,1.2088082901554404,1.5132987910189983,1738,3,394.047
T3,46.45,79.5,1110,fog,97.37,0,2.096232508073197,1.7115177610333692,1110,1,269.13649999999996
T6,42.74,80.87,482,clear,97.49,0,2.2810014038371547,1.8921385119326157,482,0,142.757
T9,74.86,58.24,437,rain,40.44,0,0.5402083889927866,0.7779855730697302,437,2,126.151
T5,68.77,40.36,184,clear,10.51,0,0.15282826814017741,0.586883815617275,184,0,64.1665
T8,58.52,56.89,978,clear,27.73,0,0.47385509227614486,0.9721462747778536,978,0,227.15400000000002
T9,55.5,31.55,1696,clear,74.42,0,1.340900900900901,0.5684684684684684,1696,0,374.26900000000006
T1,43.49,27.46,1085,rain,83.55,0,1.9211312945504713,0.631409519429754,1085,2,250.3745
T7,48.4,33.7,1460,rain,37.78,0,0.7805785123966943,0.6962809917355373,1460,2,318.69599999999997
T4,60.34,96.25,299,storm,19.34,1,0.3205170699370235,1.5951276102088165,299,3,98.453
T5,28.2,97.44,247,storm,24.92,0,0.8836879432624114,3.4553191489361703,247,3,81.372
T4,59.03,51.54,292,storm,83.27,0,1.4106386583093342,0.8731153650686091,292,3,100.5695
T9,33.3,20.19,1582,rain,56.94,0,1.70990990990991,0.6063063063063064,1582,2,340.451
T5,53.47,76.12,373,rain,25.44,0,0.4757808116700954,1.4236020198242005,373,2,108.57950000000001
T2,29.22,83.21,994,clear,43.76,0,1.4976043805612593,2.8477070499657766,994,0,231.49900000000002
T7,37.9,36.48,1106,clear,75.93,0,2.003430079155673,0.962532981530343,1106,0,253.157
T4,20.33,89.79,454,rain,77.68,0,3.820954254795869,4.416625676340384,454,2,129.67650000000003
T6,56.9,61.97,388,clear,32.88,0,0.5778558875219684,1.089103690685413,388,0,110.79500000000002
T2,51.36,50.8,118,clear,27.85,0,0.5422507788161994,0.9890965732087227,118,0,52.17
T4,38.23,63.75,1409,clear,38.73,0,1.013078733978551,1.6675385822652369,1409,0,311.8535
T10,29.2,38.65,814,storm,77.3,0,2.6472602739726026,1.3236301369863013,814,3,193.74
T1,57.74,39.19,1208,storm,88.99,0,1.541219258746103,0.6787322480083131,1208,3,282.12100000000004
T9,21.92,57.6,1051,storm,69.82,0,3.1852189781021893,2.627737226277372,1051,3,241.614
T3,57.35,58.23,412,rain,15.01,0,0.26172624237140363,1.0153443766346992,412,2,111.68549999999999
T10,45.33,33.27,1194,rain,95.49,0,2.1065519523494376,0.7339510258107215,1194,2,276.1845
T1,67.09,33.87,1306,fog,93.52,1,1.3939484274854672,0.5048442390818303,1306,1,303.60049999999995
T10,39.18,81.64,1230,storm,34.1,0,0.8703420112302196,2.08371618172537,1230,3,279.393
T1,29.36,44.44,1121,storm,78.77,0,2.682901907356948,1.5136239782016347,1121,3,256.632
T7,68.42,71.43,1017,fog,77.95,0,1.1392867582578194,1.043992984507454,1017,1,250.531
T1,25.0,89.71,1712,clear,97.24,1,3.8895999999999997,3.5883999999999996,1712,0,386.04
T7,32.41,65.45,759,clear,56.16,0,1.732798518975625,2.0194384449244063,759,0,184.2245
T10,57.34,91.43,1500,rain,17.97,0,0.31339379141960233,1.5945238925706313,1500,2,336.515
T7,59.13,23.49,868,clear,81.37,0,1.376120412650093,0.3972602739726027,868,0,209.35450000000003
T6,45.5,99.74,890,clear,45.67,0,1.0037362637362637,2.1920879120879118,890,0,218.457
T9,29.73,99.89,1299,rain,20.35,0,0.6844937773292971,3.359905819038009,1299,2,291.58050000000003
T7,28.3,88.89,1146,rain,72.17,0,2.5501766784452298,3.1409893992932862,1146,2,268.78700000000003
T3,38.07,69.54,1351,rain,67.8,0,1.780929866036249,1.8266351457840821,1351,2,307.4855
T3,51.23,69.96,111,rain,99.27,0,1.9377317977747415,1.3656060901815341,111,2,69.1535
T6,54.05,42.3,147,rain,83.47,0,1.5443108233117484,0.782608695652174,147,2,68.3665
T3,57.2,91.14,1547,storm,62.15,1,1.0865384615384615,1.5933566433566433,1547,3,354.80800000000005
T2,34.41,25.2,1534,clear,96.16,0,2.7945364719558268,0.7323452484742807,1534,0,339.67449999999997
T10,31.04,89.55,1330,storm,32.49,0,1.0467139175257734,2.8849871134020617,1330,3,298.618
T3,70.26,35.84,1202,clear,50.28,0,0.7156276686592655,0.5101053230856818,1202,0,275.189
T3,46.49,48.04,1155,rain,65.41,0,1.4069692406969239,1.0333405033340504,1155,2,265.6125
T1,60.83,54.72,838,rain,14.17,0,0.23294427091895448,0.8995561400624692,838,2,196.88550000000004
T3,28.65,94.65,1445,fog,56.81,0,1.9828970331588134,3.303664921465969,1445,1,326.6045
T4,34.22,82.24,1089,clear,85.71,0,2.504675628287551,2.4032729398012855,1089,0,259.945
T10,68.8,29.66,314,clear,50.91,0,0.7399709302325581,0.43110465116279073,314,0,96.114
T6,43.45,36.49,1256,rain,16.02,0,0.3686996547756041,0.8398158803222094,1256,2,272.8645
T6,59.27,29.29,1762,clear,35.09,0,0.5920364433946348,0.49417918002362066,1762,0,380.09350000000006
T2,65.93,64.05,677,storm,73.16,0,1.1096617624753524,0.9714849082360077,677,3,179.7745
T1,72.29,26.13,1187,fog,20.02,0,0.2769401023654724,0.3614607829575321,1187,1,264.8525
T3,50.78,42.13,964,rain,21.44,0,0.42221346987002756,0.8296573454115794,964,2,218.50900000000004
T1,58.38,94.6,1072,fog,59.89,0,1.0258650222679,1.6204179513532029,1072,1,260.043
T6,24.47,40.25,720,fog,84.45,0,3.4511646914589296,1.6448712709440132,720,1,175.2075
T8,22.51,37.76,1509,rain,38.19,0,1.6965792980897376,1.6774766770324299,1509,2,322.9175
T2,30.57,85.81,772,storm,28.48,0,0.9316323192672555,2.80700032711809,772,3,185.35049999999998
T4,55.92,67.02,957,clear,47.18,0,0.8437052932761087,1.198497854077253,957,0,228.22
T2,32.79,96.3,614,storm,34.58,0,1.054589813967673,2.936870997255261,614,3,157.6235
T3,31.74,53.73,392,fog,70.69,0,2.2271581600504096,1.6928166351606806,392,1,111.36900000000001
T8,29.63,41.37,535,rain,59.36,0,2.0033749578130275,1.3962200472494093,535,2,134.8535
T2,39.32,30.02,1001,storm,22.24,0,0.5656154628687691,0.7634791454730417,1001,3,220.93200000000002
T6,40.07,98.1,1164,clear,11.84,0,0.2954829049163963,2.4482156226603444,1164,0,264.8055
T10,61.94,61.35,1674,storm,93.67,1,1.512269938650307,0.9904746528898936,1674,3,381.739
T6,74.46,73.35,234,clear,45.04,0,0.6048885307547677,0.9850926672038679,234,0,89.093
T8,49.35,35.39,281,rain,90.93,0,1.8425531914893618,0.7171225937183384,281,2,94.1015
T9,24.43,41.79,113,clear,85.33,0,3.492836676217765,1.7106017191977076,113,0,54.1315
T5,62.54,56.99,1163,fog,99.95,1,1.5981771666133675,0.9112567956507835,1163,1,279.773
T5,63.67,37.86,623,clear,10.52,0,0.1652269514685095,0.5946285534788754,623,0,150.19350000000003
T9,48.77,51.09,656,storm,68.92,0,1.413163830223498,1.0475702275989338,656,3,167.8445
T4,57.62,79.47,696,clear,60.19,0,1.044602568552586,1.37920860812218,696,0,181.53700000000003
T3,54.53,41.9,1256,rain,20.23,0,0.37098844672657255,0.768384375573079,1256,2,277.55850000000004
T8,38.53,26.32,1322,fog,55.19,0,1.4323903451855695,0.6831040747469505,1322,1,290.4845
T9,23.76,40.08,302,fog,88.65,0,3.731060606060606,1.6868686868686866,302,1,92.23600000000002
T9,20.91,20.5,1344,clear,34.94,0,1.6709708273553323,0.9803921568627451,1344,0,285.1155
T10,54.49,88.49,1500,rain,95.33,0,1.7494953202422463,1.6239677004955035,1500,2,350.68649999999997
T1,35.47,57.97,1226,fog,32.64,0,0.9202142655765436,1.634338877925007,1226,1,272.33950000000004
T5,70.72,76.5,1047,fog,28.62,0,0.4046945701357466,1.0817307692307692,1047,1,248.254
T7,38.42,95.13,632,storm,91.11,1,2.3714211348256113,2.476054138469547,632,3,173.703
T10,35.15,22.04,1228,storm,53.57,0,1.5240398293029873,0.6270270270270271,1228,3,269.9595
T7,58.43,76.32,1171,storm,79.75,0,1.3648810542529524,1.3061783330480916,1171,3,280.4715
T3,26.52,73.47,126,rain,88.51,0,3.337481146304676,2.770361990950226,126,2,64.526
T4,72.22,56.74,693,storm,21.59,0,0.29894765992799777,0.7856549432290225,693,3,172.771
T6,26.66,36.28,156,fog,74.47,0,2.7933233308327083,1.3608402100525132,156,1,60.165
T8,52.89,29.79,1485,rain,95.04,0,1.7969370391378334,0.5632444696539989,1485,2,335.4885
T4,29.64,44.58,1644,rain,96.44,1,3.253711201079622,1.5040485829959513,1644,2,364.71400000000006
T5,37.64,25.41,538,fog,32.31,0,0.8583953241232731,0.6750797024442082,538,1,128.704
T9,37.56,94.06,491,rain,99.47,1,2.6482960596379126,2.504259850905218,491,2,146.596
T5,42.68,85.77,416,clear,22.65,0,0.5306935332708528,2.0096063730084346,416,0,115.554
T3,66.11,32.49,1130,rain,38.54,0,0.5829677809711088,0.49145363787626684,1130,2,257.0335
T5,57.18,41.63,1545,fog,78.38,0,1.3707590066456803,0.7280517663518713,1545,1,347.44699999999995
T4,62.77,87.06,210,fog,44.55,0,0.709733949338856,1.386968296957145,210,1,84.1645
T8,66.86,79.59,983,storm,54.23,0,0.8110978163326353,1.190397846245887,983,3,240.52900000000002
T6,47.28,87.47,151,clear,29.53,0,0.6245769881556684,1.8500423011844331,151,0,65.42
T6,39.1,80.32,493,storm,27.23,0,0.6964194373401534,2.0542199488491044,493,3,130.335
T4,48.7,25.21,270,fog,20.44,0,0.4197125256673511,0.517659137577002,270,1,75.455
T10,25.36,72.47,180,fog,39.71,0,1.565851735015773,2.8576498422712935,180,1,64.92600000000002
T2,72.61,66.02,267,fog,98.46,0,1.3560115686544552,0.9092411513565624,267,1,104.5985
T1,28.81,63.5,1469,fog,78.87,0,2.73759111419646,2.2040958000694206,1469,1,329.62649999999996
T5,28.95,77.24,445,fog,62.27,0,2.1509499136442143,2.668048359240069,445,1,124.2895
T4,51.31,29.58,1416,storm,49.49,0,0.9645293315143247,0.5764958097836679,1416,3,312.2915
T7,42.27,65.62,380,clear,41.08,0,0.9718476460846935,1.5524012301868937,380,0,107.9075
T6,39.97,38.1,1793,rain,26.95,0,0.6742556917688266,0.9532149111833876,1793,2,381.90250000000003
T2,53.31,79.83,831,clear,11.83,0,0.22190958544363157,1.4974676420934159,831,0,197.85950000000003
T7,34.78,38.17,1492,fog,98.31,0,2.8266244968372627,1.0974698102357676,1492,1,334.541
T8,26.18,48.92,218,rain,84.03,0,3.209702062643239,1.868601986249045,218,2,77.035
T7,68.78,93.51,266,storm,85.12,1,1.2375690607734806,1.3595521954056413,266,3,106.57100000000001
T5,56.24,57.99,911,storm,66.13,0,1.1758534850640112,1.0311166429587482,911,3,221.534
T5,27.68,24.96,1571,clear,67.66,0,2.4443641618497107,0.9017341040462428,1571,0,339.644
T7,21.93,83.29,851,fog,93.47,0,4.262197902416781,3.797993616051072,851,1,211.1845
T6,53.02,84.33,578,storm,77.87,0,1.468691059977367,1.5905318747642399,578,3,161.745
T5,67.27,71.07,740,clear,63.94,0,0.950497993161885,1.0564887765720232,740,0,191.8195
T10,54.05,33.61,291,storm,10.59,0,0.19592969472710453,0.621831637372803,291,3,81.0025
T9,21.25,70.19,1620,clear,42.31,0,1.9910588235294118,3.303058823529412,1620,0,351.8125
T9,68.29,31.61,719,clear,44.53,0,0.6520720456875091,0.46287889881388194,719,0,176.1005
T9,33.48,90.08,135,rain,60.36,0,1.802867383512545,2.690561529271207,135,2,65.758
T1,45.97,25.71,463,fog,95.98,0,2.0878834022188384,0.5592777898629542,463,1,128.58050000000003
T9,69.13,38.5,876,rain,60.65,0,0.8773325618400116,0.5569217416461739,876,2,212.6125
T2,62.27,83.85,1511,clear,71.28,1,1.1446924682832824,1.346555323590814,1511,0,348.7935
T7,28.6,57.86,1647,rain,26.07,0,0.9115384615384615,2.023076923076923,1647,2,353.636
T2,48.98,75.58,411,rain,97.38,0,1.9881584320130665,1.5430788076766027,411,2,129.33700000000002
T3,68.96,40.0,259,clear,72.15,0,1.0462587006960558,0.580046403712297,259,0,91.47000000000001
T10,64.51,26.46,1764,clear,63.59,0,0.9857386451712913,0.4101689660517749,1764,0,386.93750000000006
T8,21.62,37.88,808,storm,90.65,1,4.192876965772433,1.752081406105458,808,3,193.161
T7,73.0,42.3,116,fog,51.0,0,0.6986301369863014,0.5794520547945206,116,1,60.260000000000005
T10,70.72,20.84,281,clear,59.83,0,0.846012443438914,0.29468325791855204,281,0,90.01400000000001
T4,26.73,34.17,264,clear,38.75,0,1.4496820052375607,1.2783389450056117,264,0,74.0665
T1,48.32,56.42,1756,clear,69.76,0,1.4437086092715232,1.167632450331126,1756,0,388.516
T4,23.81,55.51,1501,storm,22.36,1,0.9391012179756405,2.3313733725325494,1501,3,322.1765
T6,37.62,57.86,1094,clear,49.83,0,1.324561403508772,1.538011695906433,1094,0,249.74300000000002
T4,32.45,50.76,1249,fog,16.6,0,0.5115562403697997,1.5642526964560861,1249,1,271.5345
T9,27.82,22.17,430,fog,86.82,0,3.12077641984184,0.7969086987778577,430,1,114.903
T2,46.27,63.33,999,rain,26.51,0,0.5729414307326561,1.3687054246812187,999,2,229.6355
T5,53.09,55.78,1629,clear,55.66,0,1.0484083631569032,1.0506686758334902,1629,0,361.3605
T6,73.1,99.15,541,clear,85.87,0,1.1746922024623805,1.3563611491108074,541,0,163.479
T4,72.22,57.95,1154,fog,43.67,0,0.6046801440044309,0.8024093049016894,1154,1,269.32899999999995
T9,42.03,27.89,1643,rain,76.54,0,1.8210801808232215,0.6635736378777064,1643,2,360.29350000000005
T7,52.07,47.48,1411,rain,73.23,0,1.4063760322642598,0.9118494334549644,1411,2,319.65950000000004
T3,30.34,38.25,1257,fog,50.83,0,1.6753460777851021,1.2607119314436388,1257,1,276.95099999999996
T1,62.68,25.11,1539,storm,69.13,1,1.102903637523931,0.4006062539885131,1539,3,342.76800000000003
T1,68.44,23.56,712,rain,51.83,0,0.7573056691992986,0.34424313267095263,712,2,174.88800000000003
T10,20.53,86.82,1466,rain,62.36,0,3.0375060886507548,4.228933268387725,1466,2,328.4685
T10,70.7,75.1,836,clear,38.27,0,0.5413012729844413,1.0622347949080622,836,0,207.549
T10,48.39,80.72,216,clear,12.16,0,0.2512915891713164,1.6681132465385409,216,0,73.8735
T8,23.78,20.23,1403,fog,86.27,0,3.6278385197645076,0.8507148864592095,1403,1,307.995
T5,48.28,34.99,1308,clear,84.14,0,1.7427506213753106,0.7247307373653687,1308,0,297.496
T2,71.58,95.73,748,storm,98.28,1,1.3730092204526405,1.337384744341995,748,3,206.74699999999999
T6,34.34,32.23,566,rain,25.15,0,0.7323820617355852,0.938555620267909,566,2,133.561
T3,52.32,59.54,391,clear,31.09,0,0.5942278287461774,1.1379969418960245,391,0,109.406
T4,51.4,70.84,302,fog,25.78,0,0.501556420233463,1.3782101167315177,302,1,92.72400000000002
T7,39.75,99.69,1570,rain,60.11,0,1.5122012578616353,2.5079245283018867,1570,2,356.1975
T6,54.85,39.57,938,rain,91.94,0,1.676207839562443,0.7214220601640838,938,2,227.91450000000003
T3,29.76,79.37,1254,clear,49.36,0,1.6586021505376343,2.667002688172043,1254,0,283.98600000000005
T6,32.13,32.79,759,storm,98.59,1,3.0684718331777154,1.0205415499533146,759,3,186.55849999999998
T9,59.57,81.21,1383,rain,98.41,0,1.6520060433103911,1.3632701024005371,1383,2,327.71650000000005
T10,60.76,69.35,711,clear,59.55,0,0.9800855826201448,1.14137590520079,711,0,183.17000000000002
T3,56.58,68.82,424,clear,11.03,0,0.19494521032166842,1.2163308589607635,424,0,114.915
T1,35.04,85.04,1393,fog,49.51,0,1.412956621004566,2.426940639269407,1393,1,314.42
T9,72.39,51.84,854,fog,58.4,0,0.8067412626053322,0.7161210111893909,854,1,211.09550000000002
T10,53.76,49.13,327,rain,63.13,0,1.1742931547619049,0.9138764880952381,327,2,101.592
T9,29.46,57.23,1220,fog,87.37,0,2.9657162253903597,1.9426340801086217,1220,1,280.43499999999995
T5,48.37,29.47,536,storm,41.77,0,0.8635517882985323,0.6092619392185239,536,3,133.9905
T1,29.15,60.25,235,storm,81.33,0,2.7900514579759865,2.0668953687821614,235,3,83.05350000000001
T8,45.96,93.08,1033,rain,63.74,0,1.386858137510879,2.025239338555265,1033,2,249.75400000000002
T1,42.65,75.95,1174,rain,81.51,0,1.9111371629542793,1.7807737397420869,1174,2,277.25450000000006
T2,44.0,32.84,1708,fog,59.95,0,1.3625,0.7463636363636365,1708,1,371.308
T1,30.4,98.32,975,fog,56.62,0,1.8625,3.234210526315789,975,1,233.73800000000003
T8,40.29,86.88,1322,rain,30.48,0,0.7565152643335815,2.156366344005957,1322,2,298.2445000000001
T1,24.24,35.73,1119,fog,78.34,0,3.231848184818482,1.4740099009900989,1119,1,252.824
T2,74.68,29.07,274,rain,20.14,0,0.2696839850026781,0.38926084627745045,274,2,83.61200000000001
T7,62.07,39.34,639,clear,58.01,0,0.9345899790559046,0.6338005477686484,639,0,162.78750000000002
T8,21.46,65.42,1089,clear,34.21,0,1.5941286113699906,3.048462255358807,1089,0,243.09100000000004
T10,45.08,80.36,1098,storm,56.67,0,1.2570984915705414,1.782608695652174,1098,3,258.726
T2,41.73,34.19,752,clear,41.21,0,0.987538940809969,0.8193146417445483,752,0,175.9125
T6,67.2,80.83,1624,storm,70.47,0,1.0486607142857143,1.2028273809523808,1624,3,372.31
T3,60.65,34.68,1636,fog,21.8,1,0.359439406430338,0.571805441055235,1636,1,353.80850000000004
T8,35.36,94.75,945,rain,45.46,0,1.285633484162896,2.679581447963801,945,2,226.18200000000002
T6,47.86,70.16,330,fog,94.23,0,1.968867530296699,1.4659423318010865,330,1,110.99300000000001
T6,53.96,79.76,992,clear,74.0,0,1.3713862120088955,1.4781319495922907,992,0,242.64200000000002
T9,70.89,92.08,1512,rain,68.71,1,0.969248130907039,1.298913810128368,1512,2,352.5805000000001
T4,21.91,27.67,1126,storm,12.15,0,0.5545413053400274,1.262893655864902,1126,3,239.09150000000002
T5,30.24,63.27,1356,clear,14.77,0,0.48842592592592593,2.092261904761905,1356,0,294.368
T4,25.62,92.36,650,fog,39.28,0,1.5331772053083528,3.6049960967993755,650,1,162.883
T4,26.64,41.37,1268,fog,84.92,0,3.1876876876876876,1.5529279279279278,1268,1,285.668
T6,49.94,40.37,310,clear,65.93,0,1.3201842210652786,0.8083700440528634,310,0,95.745
T6,67.17,34.29,795,clear,38.28,0,0.5698972755694507,0.5104957570343903,795,0,190.3065
T3,37.73,86.07,1483,storm,68.37,0,1.8120858733103633,2.281208587331036,1483,3,337.3705
T8,72.63,44.77,410,clear,38.85,0,0.5349029326724495,0.6164119509844418,410,0,116.8815
T5,21.89,54.63,754,storm,56.24,0,2.569209684787574,2.495660118775697,754,3,178.8965
T8,27.47,48.01,424,storm,35.76,0,1.3017837641062977,1.7477247906807427,424,3,108.87150000000001
T1,39.02,62.07,658,storm,38.34,0,0.9825730394669401,1.590722706304459,658,3,161.887
T7,33.6,42.4,1485,fog,97.59,0,2.9044642857142855,1.2619047619047619,1485,1,333.548
T10,40.4,94.71,126,storm,58.42,0,1.4460396039603962,2.3443069306930693,126,3,66.376
T1,67.67,61.07,1701,rain,76.63,1,1.1324072705778039,0.9024678587261711,1701,2,384.9575000000001
T3,25.07,46.7,796,clear,98.58,0,3.932189868368568,1.8627842042281613,796,0,194.5235
T3,41.1,60.98,1082,fog,67.66,0,1.646228710462287,1.4836982968369827,1082,1,252.55300000000003
T6,72.47,99.59,1100,fog,60.93,1,0.8407616944942735,1.3742238167517593,1100,1,270.37149999999997
T10,39.18,73.28,784,storm,34.0,0,0.8677896886166412,1.8703420112302196,784,3,188.501
T7,73.0,74.61,335,clear,96.85,0,1.3267123287671232,1.022054794520548,335,0,119.542
T10,71.92,42.33,1555,rain,24.76,0,0.3442714126807564,0.5885706340378197,1555,2,342.69800000000004
T6,68.65,47.91,1188,storm,59.81,0,0.8712308812818645,0.6978878368536051,1188,3,276.7565
T3,72.64,48.4,1243,rain,46.16,0,0.6354625550660793,0.6662995594713657,1243,2,285.97200000000004
T4,51.74,61.12,358,fog,42.78,0,0.8268264398917665,1.1812910707383069,358,1,105.46500000000002
T8,57.11,34.92,1206,rain,34.26,0,0.5998949395902644,0.6114515846611802,1206,2,269.6135
T9,67.45,22.4,894,storm,48.72,1,0.7223128243143069,0.33209785025945143,894,3,210.3365
T8,74.76,80.91,757,fog,69.55,0,0.930310326377742,1.0822632423756018,757,1,200.332
T4,40.31,26.08,469,rain,89.59,0,2.2225254279335154,0.6469858595881914,469,2,127.31150000000001
T6,69.8,36.08,374,fog,58.94,0,0.8444126074498567,0.5169054441260745,374,1,111.404
T4,23.94,63.78,1167,fog,45.17,0,1.8868003341687551,2.664160401002506,1167,1,261.325
T5,20.35,62.95,808,fog,73.83,0,3.628009828009828,3.093366093366093,808,1,194.19350000000003
T4,57.16,20.97,1766,clear,87.33,0,1.527816655003499,0.36686494051784463,1766,0,389.15000000000003
T6,54.38,33.16,694,storm,63.55,0,1.1686281721221037,0.6097830084589921,694,3,172.187
T5,63.47,63.19,221,clear,43.08,0,0.6787458641878052,0.9955884669922798,221,0,81.3215
T7,60.09,55.86,1359,fog,76.53,0,1.273589615576635,0.929605591612581,1359,1,313.4505
T9,28.3,69.07,1113,rain,36.14,0,1.2770318021201412,2.4406360424028266,1113,2,251.01700000000005
T5,32.89,66.91,862,rain,50.96,0,1.5494071146245059,2.0343569474004255,862,2,204.49650000000003
T4,55.32,86.51,599,clear,12.27,0,0.2218004338394794,1.5638105567606653,599,0,153.38600000000002
T3,30.66,72.08,693,storm,62.21,0,2.0290280495759947,2.350945857795173,693,3,173.57299999999998
T3,55.7,50.05,758,clear,30.13,0,0.5409335727109514,0.8985637342908437,758,0,181.561
T7,32.24,87.73,537,storm,12.92,0,0.4007444168734491,2.7211538461538463,537,3,136.04
T4,56.32,23.14,454,storm,25.08,0,0.44531249999999994,0.4108664772727273,454,3,114.97400000000002
T4,31.24,64.9,154,storm,37.74,0,1.208066581306018,2.0774647887323945,154,3,59.58800000000001
T5,64.24,95.51,123,fog,68.89,1,1.0723848069738482,1.4867683686176838,123,1,73.69000000000001
T1,66.12,79.54,1228,storm,85.93,0,1.2996067755595886,1.2029643073200242,1228,3,295.674
T10,73.54,50.57,253,clear,56.76,0,0.7718248572205602,0.6876529779711721,253,0,90.45100000000001
T5,45.1,64.26,1033,fog,96.21,0,2.1332594235033255,1.4248337028824833,1033,1,250.11900000000003
T3,58.25,53.31,1449,rain,74.5,0,1.2789699570815452,0.9151931330472104,1449,2,330.2245
T7,66.45,26.99,766,fog,86.98,0,1.30895410082769,0.4061700526711813,766,1,192.75650000000005
T4,54.55,62.53,124,storm,82.67,0,1.5154903758020166,1.146287809349221,124,3,67.92750000000001
T2,23.27,96.53,135,storm,18.61,0,0.7997421572840567,4.148259561667383,135,3,56.295500000000004
T9,70.57,99.99,1655,storm,92.94,0,1.3169902224741392,1.4168910301827973,1655,3,387.6785
T10,34.19,88.97,1120,rain,27.5,0,0.804328751096812,2.6022228721848495,1120,2,256.1415
T7,58.11,48.62,1650,rain,26.89,0,0.46274307348132854,0.8366890380313199,1650,2,359.9295
T8,36.79,32.93,1128,fog,45.33,0,1.232128295732536,0.895080184832835,1128,1,250.59950000000003
T8,21.81,92.93,277,storm,12.87,0,0.5900962861072903,4.260889500229253,277,3,82.4625
T3,31.16,66.09,446,fog,44.47,0,1.427150192554557,2.1209884467265727,446,1,119.25200000000001
T4,68.44,99.52,1120,clear,93.22,1,1.3620689655172413,1.4541203974284045,1120,0,279.658
T6,71.23,31.91,419,storm,80.1,1,1.124526182788151,0.4479853994103608,419,3,124.45950000000002
T8,69.67,24.55,416,storm,56.1,1,0.8052246304004593,0.35237548442658245,416,3,117.1975
T2,48.59,85.64,1107,fog,66.02,0,1.3587157851409752,1.7625025725457912,1107,1,264.0295
T2,43.93,75.91,420,clear,49.01,0,1.1156385158206237,1.727976325973139,420,0,119.9665
T9,61.39,98.14,415,storm,89.91,0,1.4645707769995113,1.5986316989737743,415,3,136.40749999999997
T6,39.37,50.92,739,storm,95.1,1,2.415544831089662,1.2933705867411736,739,3,187.2965
T1,34.25,96.8,165,clear,39.03,0,1.1395620437956204,2.8262773722627736,165,0,68.7285
T4,62.17,83.09,718,clear,81.1,0,1.304487695029757,1.3364967025896735,718,0,191.98049999999998
T2,60.2,20.8,202,storm,95.75,0,1.5905315614617939,0.34551495016611294,202,3,79.21000000000001
T10,54.1,54.78,1104,fog,37.08,0,0.6853974121996302,1.012569316081331,1104,1,252.847
T2,65.35,42.53,1597,rain,97.74,1,1.4956388676358072,0.6508033664881409,1597,2,364.09150000000005
T4,55.9,85.11,681,clear,55.28,0,0.9889087656529517,1.5225402504472272,681,0,178.25300000000001
T6,37.86,70.03,1084,storm,73.46,0,1.940306391970417,1.8497094558901215,1084,3,255.413
T5,63.05,50.07,722,fog,31.38,0,0.4977002379064235,0.794131641554322,722,1,176.60250000000002
T1,53.2,39.53,995,fog,75.37,0,1.4167293233082707,0.7430451127819548,995,1,235.43000000000004
T9,43.59,73.8,322,fog,69.78,0,1.600825877494838,1.6930488644184445,322,1,104.16350000000001
T9,49.85,43.19,1333,storm,34.77,0,0.6974924774322969,0.8663991975927783,1333,3,295.10450000000003
T6,56.9,68.81,1636,fog,79.93,0,1.4047451669595783,1.2093145869947277,1636,1,371.32300000000004
T8,64.98,37.33,1357,clear,81.62,0,1.2560787934749154,0.5744844567559249,1357,0,311.43500000000006
T1,64.16,86.75,193,rain,71.55,0,1.1151807980049875,1.3520885286783042,193,2,86.60000000000001
T5,21.53,21.41,1049,clear,72.71,0,3.377148165350673,0.9944263817928471,1049,0,234.00650000000002
T10,67.67,57.71,1039,clear,95.64,1,1.4133293926407566,0.8528151322594946,1039,0,255.3875
T4,59.04,47.88,434,clear,16.52,0,0.279810298102981,0.8109756097560976,434,0,114.44000000000001
T9,68.73,57.91,290,fog,93.87,0,1.3657791357485813,0.842572384693729,290,1,105.6885
T5,55.76,66.52,1157,fog,13.38,0,0.23995695839311337,1.1929698708751793,1157,1,261.46999999999997
T6,71.37,38.92,723,fog,15.07,0,0.2111531455793751,0.545327168277988,723,1,173.3905
T4,68.18,55.54,1247,clear,54.64,0,0.8014080375476679,0.8146083895570547,1247,0,288.481
T8,74.85,43.18,1149,rain,29.99,0,0.4006680026720107,0.5768871075484302,1149,2,263.4465
T6,46.82,47.18,702,fog,10.17,0,0.21721486544211874,1.0076890217855616,702,1,163.725
T4,35.28,55.85,715,fog,54.22,0,1.5368480725623581,1.5830498866213152,715,1,173.984
T4,74.74,45.86,584,fog,56.75,0,0.7592989028632594,0.6135937918116137,584,1,156.157
T4,29.14,81.89,896,clear,19.99,0,0.6859986273164035,2.810226492793411,896,0,206.86100000000002
T7,22.75,46.41,156,fog,83.43,0,3.6672527472527476,2.04,156,1,63.005500000000005
T1,39.03,84.32,951,storm,37.0,0,0.9479887266205482,2.1603894440174223,951,3,224.6715
T10,25.6,77.8,1477,storm,86.42,0,3.3757812499999997,3.0390624999999996,1477,3,335.094
T7,66.57,73.2,122,clear,70.31,0,1.0561814631215263,1.0995944118972512,122,0,69.7445
T6,65.68,63.99,1071,fog,13.58,0,0.20676004872107184,0.9742691839220462,1071,1,246.28400000000002
T10,50.82,41.08,408,clear,13.56,0,0.2668240850059032,0.8083431719795355,408,0,105.23300000000002
T2,43.92,52.28,1294,clear,11.31,0,0.2575136612021858,1.1903460837887068,1294,0,282.498
T5,31.76,97.44,1009,storm,86.71,1,2.7301637279596975,3.0680100755667503,1009,3,247.01999999999998
T9,67.31,70.44,894,clear,69.53,0,1.0329817263408112,1.0465012628138464,894,0,223.62150000000003
T6,28.37,22.68,281,rain,53.44,0,1.8836799436023968,0.7994360239689813,281,2,78.8165
T4,69.05,65.0,214,clear,75.46,0,1.092831281679942,0.941346850108617,214,0,88.1545
T1,69.91,35.88,529,clear,24.51,0,0.35059362036904596,0.5132312973823489,529,0,135.3555
T3,21.38,78.27,916,storm,99.43,1,4.6506080449017775,3.6608980355472402,916,3,224.535
T6,64.93,61.3,503,clear,46.08,0,0.7096873556137377,0.9440936393038656,503,0,138.3085
T5,20.38,35.68,658,fog,91.28,0,4.478900883218842,1.7507360157016685,658,1,162.237
T7,24.01,40.99,1622,rain,98.8,1,4.114952103290295,1.7072053311120365,1622,2,358.6605
T3,51.39,46.68,802,fog,51.18,0,0.9959136018680677,0.9083479276123759,802,1,192.9695
T1,28.38,90.86,1312,rain,43.46,0,1.5313601127554617,3.201550387596899,1312,2,296.65900000000005
T4,56.22,62.06,1320,clear,82.46,0,1.4667378157239417,1.1038776236214871,1320,0,306.959
T6,74.75,97.11,1179,storm,16.96,1,0.22688963210702343,1.2991304347826087,1179,3,277.75149999999996
T6,50.74,95.56,1633,fog,36.31,1,0.7156089869925109,1.8833267638943634,1633,1,365.809
T3,23.89,81.7,266,rain,72.02,0,3.0146504813729593,3.419840937630808,266,2,90.2165
T6,26.09,67.72,1589,clear,24.49,0,0.9386738213875048,2.59563050977386,1589,0,342.76450000000006
T9,72.9,36.72,755,storm,30.26,1,0.4150891632373114,0.5037037037037037,755,3,183.071
T9,20.43,66.76,1077,clear,49.45,0,2.4204601076847774,3.26774351443955,1077,0,243.7495
T2,21.15,56.85,1588,rain,36.77,0,1.738534278959811,2.687943262411348,1588,2,341.91150000000005
T9,42.46,42.24,485,storm,25.14,0,0.5920866698068771,0.9948186528497409,485,3,121.54100000000001
T4,41.06,63.81,1071,clear,61.65,0,1.501461276181198,1.5540672187043352,1071,0,249.55700000000004
T2,28.58,80.46,1140,rain,95.18,0,3.3303009097270824,2.815255423372988,1140,2,270.57300000000004
T4,48.94,46.87,651,fog,25.63,0,0.5237024928483858,0.9577033101757254,651,1,157.08500000000004
T10,63.26,30.85,1538,clear,86.14,0,1.361681947518179,0.48766993360733485,1538,0,346.81300000000005
T3,36.97,44.18,1723,storm,45.01,1,1.2174736272653504,1.195022991614823,1723,3,372.13050000000004
T8,67.82,58.21,1218,fog,20.47,0,0.3018283692126217,0.8583013860218226,1218,1,276.441
T7,22.91,22.07,382,storm,61.61,0,2.6892186817983412,0.9633347883020515,382,3,99.31350000000002
T9,65.9,49.71,1629,clear,37.11,0,0.5631259484066767,0.7543247344461305,1629,0,359.639
T5,47.18,81.51,1290,storm,95.14,1,2.0165324289953372,1.7276388300127175,1290,3,305.575
T6,55.91,79.94,1796,storm,19.64,1,0.3512788409944554,1.429797889465212,1796,3,393.54350000000005
T8,61.07,42.48,239,fog,95.27,1,1.5600130997216308,0.6955952186016047,239,1,90.76750000000001
T5,49.5,60.42,1226,clear,62.51,0,1.2628282828282829,1.2206060606060607,1226,0,282.161
T8,62.63,76.23,654,clear,45.87,0,0.7323966150407153,1.2171483314705414,654,0,170.87750000000003
T7,38.19,42.47,1324,fog,18.06,0,0.47289866457187746,1.1120712228332024,1324,1,286.6035
