tower_id,temperature_c,power_usage_pct,traffic_load,weather,cpu_usage_pct,failed
T10,66.92,85.65,1531,rain,98.78,1
T3,26.99,23.29,830,fog,26.08,0
T6,38.96,95.97,1191,rain,30.52,0
T3,20.48,48.53,1375,fog,94.08,0
T8,27.8,22.23,347,clear,19.94,0
T4,34.28,68.78,708,clear,70.6,0
T1,55.34,48.37,466,fog,34.23,0
T5,67.23,57.8,405,clear,20.09,0
T4,42.13,92.19,462,clear,24.61,0
T5,53.55,59.07,1604,storm,99.16,1
T2,31.48,41.86,327,rain,86.58,0
T7,47.73,38.32,1194,storm,85.29,0
T8,56.92,35.16,1479,clear,51.76,0
T9,33.23,37.38,793,clear,34.54,0
T2,27.28,39.32,751,storm,28.38,0
T4,29.98,60.63,1273,clear,84.83,0
T10,59.29,21.58,174,rain,35.56,0
T10,30.34,37.66,1073,storm,27.15,0
T10,43.44,47.22,513,storm,16.15,0
T6,23.83,20.11,578,fog,38.09,0
T8,25.82,43.37,1023,rain,95.82,0
T7,71.05,36.54,837,fog,11.58,0
T1,28.35,69.19,324,rain,26.47,0
T10,66.45,39.4,842,rain,10.47,0
T6,51.95,37.81,1160,clear,70.95,0
T9,36.53,81.58,629,clear,12.42,0
T5,30.91,94.88,1570,clear,79.44,1
T4,37.31,43.24,384,storm,76.86,0
T10,38.42,24.05,1581,rain,60.81,0
T9,58.6,32.98,757,fog,32.31,0
T2,51.84,58.67,1711,clear,96.39,1
T9,58.64,31.15,1415,fog,95.32,0
T2,42.53,87.83,1299,rain,10.22,0
T10,38.92,60.96,1543,fog,15.93,0
T3,43.37,50.71,1792,fog,88.53,0
T1,49.59,67.24,459,storm,91.18,1
T3,34.19,56.93,1488,rain,70.9,0
T2,31.43,55.6,1331,fog,92.53,0
T9,22.05,20.71,556,rain,17.63,0
T6,22.35,61.6,727,rain,16.33,0
T1,50.19,77.1,727,fog,37.01,0
T3,53.75,20.17,187,rain,36.17,0
T4,24.67,20.85,1693,clear,64.78,0
T4,50.33,56.84,1085,fog,33.21,0
T7,36.27,56.01,781,storm,89.34,0
T2,43.16,80.29,1109,fog,60.53,0
T9,57.1,31.4,809,fog,67.88,0
T5,22.55,31.11,123,fog,89.45,0
T6,72.28,93.66,1677,fog,20.86,0
T8,46.72,23.92,402,fog,75.87,0
T8,56.24,35.63,182,rain,98.55,0
T9,55.87,28.0,1314,fog,40.74,0
T6,68.84,49.66,122,fog,31.36,0
T7,32.42,81.36,531,rain,87.62,0
T9,26.29,74.44,1058,rain,36.02,0
T9,40.41,75.04,355,clear,58.95,0
T3,29.24,89.95,1252,storm,26.99,0
T5,35.83,91.8,1470,clear,61.93,0
T2,68.28,22.72,924,clear,80.6,0
T8,48.28,65.23,1554,clear,31.85,0
T10,69.67,30.25,719,clear,98.44,1
T4,29.88,92.91,1219,storm,76.05,0
T5,32.17,22.23,100,fog,27.77,0
T8,32.24,36.13,843,rain,51.91,0
T4,20.89,45.94,412,rain,24.89,0
T6,47.96,88.67,195,fog,78.16,0
T2,62.05,39.86,561,storm,58.74,1
T3,66.57,41.47,1688,fog,59.12,1
T7,62.51,37.49,1768,clear,27.74,1
T6,46.96,63.19,414,rain,63.24,0
T1,38.59,30.0,1089,rain,42.28,0
T10,36.0,39.26,452,storm,17.31,0
T5,28.67,97.41,435,clear,31.16,0
T8,34.67,42.87,219,rain,34.49,0
T10,58.9,97.45,465,rain,49.28,0
T8,72.77,37.99,1408,clear,83.04,0
T9,55.4,50.29,1356,rain,26.99,0
T7,65.17,53.27,1753,rain,85.05,1
T1,43.03,42.57,1266,rain,40.76,0
T3,42.43,47.08,464,storm,43.93,0
T4,59.45,41.95,1429,clear,81.69,0
T1,64.99,36.52,195,fog,78.79,0
T3,54.71,64.79,1750,clear,82.22,0
T6,38.77,88.22,841,storm,63.65,0
T4,67.63,59.24,674,storm,23.81,1
T8,41.4,22.98,1699,storm,26.35,1
T2,44.51,93.17,1231,fog,17.73,0
T4,36.76,36.47,185,fog,90.15,0
T4,72.69,56.94,1325,fog,75.8,0
T7,35.76,22.19,521,clear,89.11,0
T1,52.62,69.02,1440,clear,88.28,0
T2,63.33,90.76,476,rain,40.28,1
T3,29.93,60.28,366,fog,21.38,0
T2,33.15,97.17,313,clear,42.7,0
T5,64.99,29.93,347,storm,29.29,0
T3,41.24,25.7,348,fog,15.36,0
T2,28.17,21.05,873,rain,17.77,0
T2,46.5,60.0,1571,rain,42.0,0
T3,35.33,91.09,726,storm,35.89,1
T4,34.55,60.43,1578,storm,58.25,0
T1,57.12,67.29,1745,rain,22.89,0
T6,43.26,49.28,1564,rain,98.99,1
T6,67.95,47.47,1501,rain,67.53,0
T8,39.06,97.42,1608,fog,66.63,1
T8,38.38,33.75,1120,rain,53.2,0
T2,23.81,27.3,223,rain,84.46,0
T7,20.52,89.78,453,clear,99.45,0
T4,33.76,42.07,235,rain,84.91,0
T5,52.34,89.56,1799,rain,64.36,0
T8,54.69,93.94,1755,rain,21.28,1
T1,28.17,27.06,154,rain,84.11,0
T3,29.25,50.55,1631,clear,96.25,1
T5,32.17,81.01,1737,storm,46.88,1
T5,27.77,74.85,561,storm,15.52,0
T1,43.72,97.76,138,clear,49.95,0
T10,49.74,63.78,588,rain,40.9,0
T2,38.05,87.24,193,clear,33.94,0
T9,43.97,29.02,546,fog,10.64,0
T5,35.79,91.64,1597,fog,75.11,0
T6,69.15,50.81,1123,storm,13.81,1
T10,41.67,69.29,1024,rain,80.0,0
T4,59.41,66.16,915,rain,67.24,0
T5,23.84,71.54,652,clear,71.27,0
T1,67.77,82.88,498,fog,82.2,0
T9,30.84,23.38,1121,storm,51.54,0
T7,22.56,65.48,1347,fog,82.2,0
T2,44.15,81.44,1775,clear,31.12,0
T10,54.38,94.35,600,rain,29.19,0
T6,52.81,61.6,433,fog,27.92,0
T3,26.7,57.04,1060,rain,40.65,0
T9,31.77,74.42,959,clear,42.11,0
T7,25.92,75.2,1777,clear,98.96,1
T8,64.96,83.83,370,storm,30.74,1
T3,74.84,82.99,1642,fog,55.02,1
T2,56.35,55.36,1616,fog,79.08,0
T1,58.86,28.45,1780,clear,54.9,0
T10,55.41,40.02,782,rain,34.49,0
T6,73.41,79.02,1783,storm,17.74,1
T9,74.56,98.19,1639,storm,39.11,0
T1,65.38,50.37,392,storm,98.91,0
T4,20.08,96.18,1567,storm,57.64,0
T3,24.33,86.85,977,rain,17.17,0
T8,36.52,92.68,1270,clear,58.92,0
T8,65.4,65.56,993,storm,75.54,0
T7,26.23,86.36,153,fog,13.87,0
T8,22.69,80.33,1421,storm,34.9,0
T8,50.65,69.59,490,fog,78.02,0
T1,68.88,76.67,447,storm,56.25,0
T7,20.88,69.72,1292,rain,77.49,0
T8,69.81,35.64,972,fog,42.97,0
T6,50.34,91.95,342,storm,83.03,1
T10,55.89,28.21,1221,fog,16.61,0
T9,57.57,91.08,459,storm,89.59,0
T5,39.69,57.1,860,storm,48.22,0
T9,32.02,94.97,433,clear,37.14,0
T7,52.57,72.04,1112,rain,67.98,0
T6,53.57,85.63,982,clear,22.59,0
T3,47.49,80.29,1268,clear,77.75,0
T2,35.51,47.91,1558,fog,26.89,0
T6,31.37,74.97,1654,rain,92.88,1
T3,56.64,37.64,1040,clear,78.74,0
T6,33.98,90.27,250,storm,68.02,1
T5,28.17,94.87,1585,clear,67.87,1
T5,30.6,61.75,1101,rain,26.84,0
T5,25.44,82.19,1504,rain,95.59,1
T4,46.56,64.93,542,fog,46.63,0
T7,63.07,89.52,513,fog,90.5,1
T7,43.9,69.2,1767,rain,39.56,0
T9,27.48,78.65,1276,storm,78.09,0
T9,34.49,98.99,250,storm,73.23,1
T7,28.44,47.34,1241,fog,14.88,0
T10,46.46,48.65,945,fog,53.85,0
T4,42.5,46.74,534,clear,28.97,0
T7,34.4,81.98,1709,rain,66.91,0
T10,24.31,58.38,221,rain,44.0,0
T2,66.35,35.97,141,clear,61.61,0
T9,50.99,46.56,1257,rain,29.79,0
T2,22.45,43.2,1188,fog,92.53,0
T8,23.07,33.84,1690,clear,43.4,0
T10,45.31,44.85,189,clear,36.09,0
T1,52.5,59.92,1280,clear,36.73,0
T10,58.02,28.61,1588,fog,37.49,0
T2,43.26,95.26,1246,storm,96.58,1
T10,63.23,71.14,407,rain,79.64,0
T5,61.98,77.94,959,clear,84.65,0
T5,44.06,97.88,1664,clear,60.91,1
T8,45.75,24.89,1114,clear,42.85,0
T1,30.53,82.69,595,fog,23.27,0
T10,68.1,68.59,1068,storm,70.39,1
T6,32.0,22.19,932,storm,61.48,0
T8,49.58,44.87,891,clear,27.99,0
T6,33.93,92.66,926,fog,85.23,0
T2,41.03,59.62,955,rain,83.38,0
T1,41.22,22.52,1391,clear,36.19,0
T6,66.71,69.56,1611,fog,86.0,1
T8,58.14,46.32,1387,rain,93.88,0
T2,73.72,75.37,674,fog,22.57,0
T7,57.28,69.05,201,storm,31.02,0
T4,71.96,66.83,1705,rain,49.37,1
T10,73.71,51.19,1330,rain,41.77,0
T4,62.47,42.01,854,storm,37.62,1
T2,23.42,26.47,1788,storm,84.09,1
T5,41.11,66.44,1769,rain,31.97,0
T6,57.3,42.58,683,clear,56.74,0
T2,59.96,91.64,1332,storm,50.41,1
T9,66.81,29.62,619,storm,13.0,1
T5,67.28,94.39,1315,clear,78.09,1
T7,40.95,21.57,1195,rain,25.55,0
T10,72.97,50.5,238,storm,26.09,1
T3,45.07,48.88,1561,storm,11.16,1
T2,56.04,42.61,841,clear,26.38,0
T2,65.77,63.45,240,fog,73.23,0
T3,24.57,50.3,777,fog,86.55,0
T10,55.99,79.07,1240,fog,52.56,0
T4,24.69,30.66,1083,clear,45.64,0
T2,68.65,79.64,1609,fog,35.92,1
T1,63.91,49.78,1617,clear,43.8,0
T7,65.01,58.2,962,storm,80.68,1
T7,51.68,32.42,1773,clear,42.45,0
T2,50.76,62.27,709,fog,92.41,0
T2,72.24,86.29,1518,fog,84.72,1
T7,71.17,27.9,193,rain,57.27,0
T9,62.2,69.16,262,rain,81.53,0
T10,37.27,84.73,1002,rain,39.69,0
T9,33.35,23.23,309,rain,92.53,0
T4,61.55,90.34,988,storm,60.6,1
T5,30.35,75.45,874,rain,92.34,0
T2,31.75,36.66,1142,clear,79.29,0
T3,53.59,83.56,1557,clear,92.14,0
T10,56.47,24.95,1767,storm,74.92,1
T4,73.47,25.54,720,clear,32.02,0
T8,68.92,31.58,1124,clear,56.13,0
T1,38.83,58.37,475,fog,57.22,0
T6,47.81,80.19,936,fog,14.78,0
T10,25.66,31.16,1799,storm,40.82,1
T8,41.09,39.97,588,fog,44.68,0
T4,40.77,61.65,601,fog,90.87,0
T6,27.61,59.93,579,storm,42.97,0
T9,28.4,97.97,288,fog,74.89,0
T8,66.91,21.81,884,storm,58.73,0
T6,68.39,95.02,873,rain,90.51,0
T4,68.45,60.79,1141,clear,57.83,0
T2,28.73,97.69,457,clear,18.54,0
T6,31.19,38.85,482,rain,88.32,0
T6,54.33,65.88,122,clear,58.26,0
T2,54.18,28.47,1237,rain,91.37,0
T9,55.67,25.9,1657,clear,77.14,0
T5,41.55,30.88,631,clear,18.88,0
T10,33.3,77.69,917,fog,98.62,0
T8,26.89,40.9,171,clear,57.13,0
T6,37.42,41.04,923,rain,86.22,0
T9,65.41,68.17,103,rain,57.21,0
T8,66.95,54.99,1490,storm,75.83,0
T10,71.38,98.57,491,storm,56.71,1
T5,55.3,42.94,233,rain,23.04,0
T6,41.45,56.29,268,rain,63.71,0
T8,25.88,44.99,1660,clear,49.15,0
T1,46.63,85.79,1522,clear,81.57,0
T2,30.78,98.08,1437,clear,54.31,0
T6,68.21,49.5,1624,rain,17.05,0
T9,67.5,31.16,1419,storm,96.99,0
T2,30.68,67.38,1103,rain,94.45,0
T2,35.83,74.48,187,storm,81.82,0
T8,63.33,64.64,1228,rain,74.71,0
T9,30.7,38.99,295,clear,45.86,0
T5,29.06,62.18,793,fog,12.56,0
T1,37.36,88.69,1224,clear,31.36,0
T4,31.05,61.09,911,rain,13.54,0
T8,46.74,35.07,1336,clear,76.23,0
T3,52.48,37.27,182,rain,52.75,0
T6,25.65,66.35,1443,fog,73.78,0
T4,39.91,48.43,782,rain,60.93,0
T9,28.02,99.28,1618,rain,15.94,0
T1,29.91,27.7,606,rain,28.74,0
T4,24.7,63.24,1192,clear,97.81,0
T7,21.1,68.58,1679,storm,37.3,1
T6,50.08,57.82,1628,clear,95.57,1
T9,50.03,35.16,1387,storm,47.6,0
T6,64.87,41.05,559,clear,76.21,0
T5,56.21,94.46,497,storm,13.9,0
T8,37.61,79.02,433,clear,96.31,0
T7,29.95,42.63,1129,clear,53.54,0
T10,70.96,46.89,204,clear,58.48,0
T7,30.42,27.75,998,rain,74.27,0
T2,22.15,76.29,1388,rain,88.73,0
T5,43.93,64.73,549,fog,73.43,0
T6,54.74,27.46,494,clear,84.58,0
T9,57.07,59.85,527,fog,96.12,0
T9,63.99,57.46,200,rain,93.49,1
T8,23.15,32.47,340,storm,33.88,0
T1,21.12,22.96,459,clear,51.51,0
T7,42.34,79.13,1789,fog,69.3,0
T8,31.22,92.07,1795,storm,35.11,1
T4,44.84,95.87,168,storm,82.42,1
T3,58.32,93.32,1071,rain,74.75,0
T1,26.88,57.3,1688,fog,68.43,0
T6,29.34,20.71,1433,rain,34.09,0
T7,44.76,30.86,1210,clear,39.15,0
T7,34.16,51.08,542,storm,53.7,0
T5,40.68,77.9,1331,rain,91.26,0
T1,57.29,99.61,1318,storm,42.72,0
T1,68.21,51.04,1747,fog,43.39,1
T3,70.47,25.82,1749,clear,68.34,0
T2,71.39,60.32,1216,fog,67.55,0
T9,53.11,85.87,195,rain,27.36,0
T6,67.74,96.62,911,fog,99.5,0
T2,35.52,24.89,1002,rain,27.34,0
T10,58.66,69.05,1594,clear,18.75,0
T9,68.53,25.88,1468,clear,94.58,1
T3,74.87,86.34,560,fog,52.76,0
T4,63.09,73.29,688,rain,64.41,0
T4,52.3,26.06,913,fog,15.92,0
T1,25.01,64.83,240,fog,25.97,0
T7,59.15,32.92,809,clear,60.07,0
T10,43.32,72.79,1261,storm,15.64,0
T8,62.6,94.53,377,storm,35.26,1
T3,52.64,24.77,1093,fog,13.05,0
T2,39.2,86.34,474,fog,16.19,0
T6,56.68,49.54,910,clear,82.89,0
T7,63.97,99.61,1427,fog,79.46,1
T8,48.1,99.37,262,storm,55.68,1
T8,65.22,48.23,464,clear,34.5,0
T6,50.53,22.34,151,fog,23.98,0
T4,56.15,51.49,1718,rain,93.34,1
T9,42.66,97.72,1122,clear,11.06,0
T5,53.42,34.81,1361,clear,67.4,0
T3,23.93,43.78,398,fog,52.39,0
T2,29.17,32.46,122,storm,15.07,0
T7,29.68,95.95,1490,rain,53.55,0
T3,66.71,96.58,1643,rain,92.32,1
T6,69.14,99.91,624,clear,48.12,0
T10,38.07,44.6,888,clear,97.33,0
T6,55.99,68.4,885,storm,44.85,0
T10,26.75,45.31,146,clear,21.48,0
T1,61.15,53.09,1119,fog,61.53,0
T10,56.52,77.26,1677,rain,65.53,0
T6,62.45,57.75,1698,storm,55.25,1
T6,66.6,69.5,833,fog,58.88,0
T5,48.03,42.83,623,storm,12.45,0
T1,48.49,43.96,1079,clear,14.26,0
T1,50.63,53.67,1650,rain,96.91,1
T10,21.81,97.4,486,clear,29.08,0
T5,20.19,70.31,1376,clear,46.36,0
T6,72.47,75.47,1184,clear,66.33,0
T9,42.46,59.58,896,fog,12.23,0
T9,65.48,38.5,405,rain,62.15,0
T2,72.79,87.61,1796,storm,87.1,1
T3,51.77,35.07,849,rain,31.21,0
T1,59.84,86.96,1788,fog,56.67,0
T2,26.04,44.23,226,storm,80.79,0
T9,56.56,64.93,587,clear,21.31,0
T6,61.7,35.03,349,fog,46.51,0
T5,33.73,35.36,597,clear,97.63,0
T8,68.52,39.54,233,storm,47.08,1
T9,56.67,54.66,226,fog,79.64,0
T5,41.91,82.39,1539,clear,38.77,0
T1,27.46,29.46,1409,storm,28.63,0
T6,38.48,38.2,434,rain,10.19,0
T6,48.62,97.39,1664,clear,85.24,1
T3,61.85,27.88,255,storm,62.09,0
T5,62.82,57.34,689,rain,71.86,0
T8,33.55,92.61,1161,rain,60.91,0
T3,52.04,99.12,1591,clear,75.87,1
T4,67.76,71.67,125,fog,16.59,0
T1,71.8,24.66,1250,storm,39.99,1
T7,37.69,64.47,157,clear,27.6,0
T1,51.45,99.18,1723,rain,90.55,1
T8,55.5,88.1,1215,clear,18.85,0
T7,64.74,48.16,1618,clear,55.11,1
T4,60.53,99.14,406,rain,20.98,0
T5,51.81,33.24,993,storm,53.67,0
T1,38.12,56.89,1142,storm,74.95,0
T10,68.72,99.73,1340,fog,55.57,1
T5,27.42,20.88,690,storm,36.82,0
T7,55.79,77.71,1366,clear,38.08,0
T8,28.1,59.36,171,clear,62.7,0
T8,65.94,52.28,799,storm,48.04,1
T2,24.68,74.77,1685,rain,56.72,0
T2,61.09,69.75,1179,clear,98.23,1
T5,34.83,65.4,358,rain,15.17,0
T1,53.33,84.72,991,fog,45.17,0
T3,32.04,84.6,1504,rain,90.02,1
T6,61.51,58.25,729,clear,26.72,0
T9,20.83,84.1,593,clear,96.21,0
T4,36.52,94.81,450,fog,29.52,0
T5,46.03,47.37,1608,rain,77.68,0
T3,63.16,21.7,513,clear,54.06,0
T7,61.37,56.21,522,rain,89.76,0
T10,55.28,23.64,1682,rain,24.81,0
T2,72.23,76.75,1663,clear,90.1,0
T2,39.74,28.15,1780,rain,82.56,0
T3,30.9,78.18,1741,fog,32.67,0
T8,58.0,50.24,894,clear,28.54,0
T10,49.82,48.96,1120,storm,97.83,1
T6,47.44,39.78,1497,rain,21.98,0
T6,69.6,35.62,514,fog,10.33,0
T10,43.29,61.48,594,storm,48.4,0
T10,22.57,59.9,222,rain,53.43,0
T9,52.92,76.96,523,fog,62.51,0
T10,23.58,47.91,1794,storm,83.09,0
T7,69.01,49.16,494,rain,61.59,0
T6,42.84,20.23,639,fog,52.13,0
T8,29.16,28.73,540,clear,71.25,0
T1,69.4,25.17,524,fog,59.79,0
T5,71.99,22.41,1398,fog,73.98,0
T1,20.98,21.3,1110,storm,72.11,0
T9,68.85,26.74,471,storm,84.32,0
T1,31.0,69.63,1736,storm,91.99,0
T4,59.94,25.21,944,clear,69.54,0
T4,57.35,44.28,702,storm,87.95,0
T2,37.66,84.7,132,rain,16.23,0
T4,42.81,52.02,517,clear,42.53,0
T5,60.12,81.71,978,clear,49.14,0
T7,69.56,74.93,1671,storm,73.59,0
T1,56.1,35.26,1024,clear,84.79,0
T9,64.08,35.23,677,storm,50.83,1
T2,68.4,69.89,657,storm,58.63,1
T2,29.65,21.75,931,rain,93.2,0
T9,44.57,28.22,1706,rain,50.98,0
T4,31.4,23.44,572,clear,28.11,0
T6,47.8,35.42,1693,fog,73.59,0
T3,41.08,81.17,1668,clear,27.88,0
T8,33.19,28.72,1488,clear,55.02,0
T7,59.01,52.63,1419,clear,14.16,0
T5,37.63,35.63,204,rain,34.76,0
T9,25.43,92.84,594,fog,61.73,0
T1,30.88,32.3,327,rain,28.54,0
T10,39.36,47.59,1433,rain,56.15,0
T1,36.25,88.63,655,clear,92.61,0
T3,51.94,96.49,221,clear,67.86,0
T9,69.67,84.8,246,clear,43.11,0
T10,44.09,75.37,635,storm,31.84,0
T9,63.63,98.01,1739,rain,21.63,0
T2,41.26,46.62,165,clear,49.06,0
T8,50.45,84.06,1594,rain,50.86,0
T7,40.15,93.66,497,fog,72.78,0
T5,68.29,30.27,1263,rain,84.09,0
T5,33.01,31.03,244,rain,39.09,0
T3,64.3,96.97,1207,clear,41.19,1
T9,36.58,62.53,281,storm,37.52,0
T6,28.1,69.62,124,storm,19.24,0
T2,29.97,36.34,226,clear,21.46,0
T3,34.37,36.98,683,rain,77.99,0
T3,28.36,55.28,1189,rain,62.26,0
T4,54.53,41.83,311,storm,57.11,0
T6,71.45,71.85,820,clear,16.52,0
T6,43.63,88.6,1015,rain,23.29,0
T5,31.43,89.83,1676,rain,62.56,0
T4,43.41,89.9,682,clear,36.68,0
T9,37.35,21.79,135,storm,57.84,0
T5,30.19,99.26,899,fog,83.12,0
T8,39.11,78.61,1485,rain,20.25,0
T5,53.13,28.09,788,rain,37.48,0
T3,35.09,45.92,1259,fog,89.02,0
T6,21.33,33.06,1418,rain,36.46,0
T8,53.73,74.11,883,storm,15.0,0
T2,65.25,54.32,1306,storm,87.1,1
T6,48.67,81.75,281,fog,84.22,0
T1,34.03,22.23,385,storm,88.49,0
T9,26.34,85.98,658,rain,81.43,0
T6,73.35,89.85,1103,clear,31.2,0
T3,48.97,96.62,718,rain,24.29,0
T7,70.24,79.05,1306,fog,90.99,0
T6,54.03,84.54,308,clear,57.25,0
T10,45.58,33.98,326,fog,59.5,0
T10,60.84,89.8,615,storm,69.69,1
T9,60.2,23.87,1089,clear,56.3,0
T5,69.59,74.58,1055,fog,24.13,0
T3,60.84,43.5,303,rain,88.16,0
T9,71.84,71.78,432,rain,55.38,0
T1,22.16,35.68,657,storm,78.52,0
T9,68.65,89.79,1560,storm,84.77,1
T4,28.92,64.33,376,clear,38.34,0
T9,24.54,40.62,652,rain,82.16,0
T9,51.18,75.23,910,rain,90.53,0
T8,30.84,50.43,1690,rain,10.58,0
T8,35.42,37.27,111,rain,22.09,0
T9,68.53,49.67,399,storm,75.56,0
T6,36.93,59.34,279,clear,62.19,0
T9,61.48,29.19,543,clear,10.02,0
T4,56.11,78.74,1558,clear,38.26,0
T1,41.34,43.95,625,clear,96.86,0
T10,41.0,39.86,1571,clear,22.75,0
T6,62.94,44.57,605,rain,82.04,0
T3,20.37,71.13,213,fog,61.6,0
T3,30.84,35.49,661,rain,83.9,0
T2,45.79,83.59,1597,rain,62.54,0
T1,60.19,69.88,323,rain,71.72,0
T10,38.01,42.87,1767,clear,30.55,0
T4,68.74,51.37,1318,clear,87.69,0
T1,45.13,98.95,867,clear,13.04,0
T5,21.28,98.33,1777,rain,49.58,0
T10,37.96,54.2,198,clear,92.13,0
T10,60.62,70.71,385,storm,15.95,1
T9,71.53,74.44,1072,fog,16.44,0
T8,65.03,81.63,1763,fog,49.36,1
T2,29.1,80.03,387,fog,26.25,0
T2,37.95,70.5,376,fog,10.47,0
T10,31.91,47.66,1295,clear,45.29,0
T7,27.23,52.09,729,fog,71.99,0
T8,55.07,42.43,556,fog,36.56,0
T9,23.09,40.23,626,clear,99.15,0
T8,20.81,95.58,1426,storm,86.88,1
T1,24.26,88.33,1519,clear,81.8,0
T10,22.71,71.12,567,storm,92.4,1
T9,44.24,97.15,1764,clear,23.26,1
T3,29.64,20.08,333,fog,68.79,0
T9,23.49,31.65,992,fog,78.26,0
T10,20.47,65.46,1521,storm,69.73,1
T2,56.85,69.42,808,storm,53.89,0
T7,71.88,48.29,1410,rain,44.41,0
T6,34.95,94.28,274,clear,51.49,0
T2,35.3,55.58,1263,rain,97.63,0
T3,32.41,82.19,331,storm,91.87,1
T6,25.69,22.17,1273,storm,13.35,0
T2,38.23,24.48,1633,storm,53.95,0
T3,29.75,72.33,1078,rain,64.11,0
T2,64.43,36.19,1348,storm,48.6,1
T1,47.45,54.08,812,rain,99.99,0
T1,73.38,64.54,668,fog,48.52,0
T2,42.57,63.48,1733,clear,30.47,0
T3,40.25,79.64,1167,fog,99.03,0
T9,41.31,88.89,337,rain,17.31,0
T2,39.25,46.22,191,fog,59.89,0
T4,36.25,73.09,1094,storm,52.94,0
T2,29.76,98.45,782,clear,13.55,0
T10,70.25,72.53,253,storm,92.95,1
T2,29.3,88.35,820,clear,62.13,0
T9,33.56,38.61,543,storm,21.93,0
T3,31.2,73.73,1543,clear,85.99,0
T1,50.29,58.08,621,rain,93.85,0
T3,25.65,35.09,1161,rain,75.28,0
T7,23.52,89.19,1096,storm,59.25,0
T1,72.44,98.07,1645,fog,64.1,1
T5,74.39,69.53,366,storm,23.86,0
T4,37.97,23.98,579,storm,24.01,0
T6,30.53,69.43,960,rain,43.7,0
T9,33.23,86.19,515,fog,78.53,0
T1,63.47,29.75,1690,clear,67.81,0
T4,59.4,87.64,351,rain,58.98,0
T1,68.44,95.99,133,clear,45.14,1
T3,32.03,21.0,1248,rain,16.42,0
T6,71.85,46.62,972,storm,52.57,0
T4,52.46,31.42,1501,storm,44.23,1
T3,45.76,20.13,959,rain,58.76,0
T1,29.32,62.05,1400,rain,26.3,0
T10,60.11,56.32,1187,storm,90.07,1
T1,20.06,31.37,450,clear,87.78,0
T6,70.39,21.3,320,rain,59.78,0
T1,43.17,35.47,1695,rain,32.69,0
T4,73.41,40.85,452,storm,90.21,0
T8,25.02,21.52,360,storm,37.35,0
T7,58.23,28.62,675,rain,49.5,0
T8,39.03,27.03,430,rain,33.2,0
T7,20.9,77.16,1316,clear,72.41,0
T6,42.67,70.45,759,fog,64.81,0
T8,36.09,26.51,195,fog,91.95,0
T2,56.45,82.2,1565,rain,42.91,0
T1,36.78,47.4,130,fog,12.73,0
T5,51.18,58.63,852,storm,66.34,0
T3,73.13,37.15,201,rain,98.65,0
T9,39.83,43.37,244,fog,84.41,0
T8,23.24,63.99,1060,rain,55.55,0
T3,50.81,22.8,1080,storm,75.09,0
T10,35.73,42.17,466,clear,67.39,0
T4,36.14,72.09,1239,rain,86.47,0
T5,22.8,60.82,553,rain,88.99,0
T7,55.73,31.6,1119,storm,44.92,0
T3,30.09,21.42,1661,storm,55.15,0
T5,46.41,80.53,731,fog,70.15,0
T8,29.04,54.27,1105,rain,18.31,0
T8,31.84,28.02,415,storm,32.72,0
T4,24.14,67.12,403,fog,31.6,0
T9,65.1,22.95,425,fog,38.47,0
T9,67.48,50.44,108,rain,39.47,0
T10,22.6,34.98,795,fog,71.17,0
T4,36.59,44.56,1123,fog,80.4,0
T7,43.81,27.87,194,storm,87.36,0
T6,51.27,65.22,376,fog,59.56,0
T4,43.5,66.2,1176,storm,11.02,0
T8,25.3,94.33,170,rain,72.6,0
T4,30.42,63.46,441,clear,47.69,0
T2,21.95,87.08,1496,rain,26.2,0
T10,39.84,65.36,172,rain,24.75,0
T3,32.61,49.33,398,storm,45.02,0
T10,20.21,88.01,1441,clear,32.41,0
T10,65.34,95.63,1285,fog,30.51,0
T10,29.21,57.89,1072,rain,71.2,0
T8,22.89,21.9,485,clear,97.55,0
T2,66.77,46.22,1662,clear,27.96,1
T9,53.33,65.87,1016,rain,84.06,0
T8,41.78,56.32,118,fog,22.94,0
T5,64.58,53.89,313,fog,96.46,1
T8,30.42,81.27,352,clear,30.5,0
T5,53.81,68.8,1403,fog,10.05,0
T9,22.99,80.15,423,rain,49.08,0
T9,48.46,59.98,1322,storm,92.72,0
T8,21.96,68.57,1577,storm,41.18,0
T4,23.34,77.85,174,clear,52.84,0
T4,40.2,93.52,1168,rain,35.99,0
T9,62.68,31.46,1609,storm,20.07,0
T9,28.6,29.72,1355,rain,46.48,0
T9,27.39,81.61,111,clear,57.6,0
T3,62.53,45.57,701,storm,16.77,0
T4,34.58,65.2,1106,clear,49.02,0
T6,29.38,93.46,1032,clear,12.18,0
T5,31.67,62.67,281,clear,84.32,0
T2,33.06,53.28,1333,rain,58.29,0
T6,52.33,59.01,1565,clear,83.12,0
T8,51.2,69.91,1448,fog,80.57,0
T7,57.42,96.67,320,rain,57.25,0
T1,36.9,89.13,1322,rain,25.23,0
T10,59.85,79.73,1524,fog,26.69,0
T9,47.93,41.84,1726,clear,71.1,0
T4,58.97,40.32,774,storm,70.23,0
T7,20.48,59.37,1156,clear,31.25,0
T6,72.26,82.72,312,rain,69.57,0
T7,57.91,70.88,1506,fog,36.68,0
T10,51.49,50.46,973,fog,28.7,0
T10,46.02,24.66,706,clear,28.24,0
T9,48.53,73.72,408,fog,43.07,0
T4,42.91,70.7,839,rain,39.59,0
T1,47.05,44.06,1393,clear,93.29,0
T5,50.18,47.8,1518,clear,97.51,0
T1,63.94,55.53,1769,rain,50.06,1
T9,53.35,83.32,1054,rain,86.16,0
T1,31.75,45.41,1356,storm,65.59,0
T4,21.44,83.46,1510,storm,86.16,1
T2,47.43,57.49,1648,storm,55.19,1
T5,49.08,83.1,110,clear,93.11,0
T3,41.85,99.8,1042,clear,41.02,0
T6,71.22,27.7,120,storm,51.11,0
T2,39.04,26.72,1033,fog,49.96,0
T9,47.36,75.35,436,clear,74.61,0
T9,66.19,43.6,224,rain,67.71,0
T8,36.37,28.96,1450,clear,28.55,0
T7,74.56,46.45,829,fog,73.89,0
T1,60.18,70.09,259,clear,73.94,0
T5,37.44,98.41,382,rain,40.21,0
T6,71.9,99.43,343,clear,45.8,1
T9,30.3,20.24,167,clear,50.77,0
T1,48.89,47.99,1645,fog,57.32,0
T3,57.44,56.93,521,clear,90.7,0
T2,27.78,37.2,647,clear,33.71,0
T9,71.0,67.47,1427,fog,60.15,0
T4,63.17,54.98,698,storm,37.58,1
T10,61.35,28.49,994,storm,30.21,0
T2,47.18,46.1,329,clear,29.09,0
T6,31.11,45.45,675,storm,49.19,0
T6,70.55,52.53,1757,clear,58.85,1
T4,43.16,99.01,1157,clear,32.28,0
T4,47.46,40.7,1577,rain,74.83,0
T8,70.45,79.28,1311,fog,10.82,0
T9,47.48,21.47,534,rain,74.08,0
T8,63.06,99.23,895,fog,61.59,1
T1,57.39,64.09,240,fog,60.45,0
T2,38.79,71.72,1523,storm,63.42,1
T6,21.64,72.09,139,fog,86.93,0
T9,37.36,26.24,1593,rain,57.73,0
T1,52.76,76.68,1556,storm,99.58,0
T5,67.88,31.35,190,clear,99.01,1
T1,36.08,94.7,594,clear,43.57,0
T5,64.78,97.33,236,storm,83.46,1
T9,29.08,64.68,356,fog,20.08,0
T5,63.85,55.75,1386,storm,13.6,1
T8,55.36,46.91,467,clear,85.76,0
T3,25.23,75.69,284,storm,54.31,0
T5,55.78,99.29,447,fog,41.8,0
T10,65.22,58.65,1019,rain,97.13,1
T8,45.11,85.65,582,storm,56.81,0
T6,28.56,49.12,1364,storm,73.93,0
T4,29.81,96.38,419,rain,77.94,0
T10,23.44,99.53,892,rain,11.58,0
T2,64.47,96.34,1799,clear,26.12,1
T2,64.45,43.9,669,fog,14.2,0
T6,60.32,22.28,1267,fog,80.42,0
T10,43.36,44.96,690,clear,69.22,0
T6,31.13,46.16,872,storm,33.5,0
T7,21.48,94.91,765,fog,28.07,0
T10,55.17,74.17,654,fog,96.23,0
T1,24.31,22.9,292,clear,17.88,0
T9,50.04,96.36,684,storm,46.63,1
T10,40.33,96.3,1133,storm,90.58,0
T8,71.37,40.39,1420,rain,33.4,0
T7,51.45,45.57,1723,fog,11.19,0
T8,45.81,26.91,1127,fog,43.41,0
T5,21.71,38.56,1355,rain,23.79,0
T2,44.66,70.62,1699,fog,20.29,0
T1,27.02,59.12,1348,clear,51.53,0
T2,58.94,90.28,1445,clear,63.89,0
T1,57.9,87.62,1738,storm,69.99,1
T3,46.45,79.5,1110,fog,97.37,0
T6,42.74,80.87,482,clear,97.49,0
T9,74.86,58.24,437,rain,40.44,0
T5,68.77,40.36,184,clear,10.51,0
T8,58.52,56.89,978,clear,27.73,0
T9,55.5,31.55,1696,clear,74.42,0
T1,43.49,27.46,1085,rain,83.55,0
T7,48.4,33.7,1460,rain,37.78,0
T4,60.34,96.25,299,storm,19.34,1
T5,28.2,97.44,247,storm,24.92,0
T4,59.03,51.54,292,storm,83.27,0
T9,33.3,20.19,1582,rain,56.94,0
T5,53.47,76.12,373,rain,25.44,0
T2,29.22,83.21,994,clear,43.76,0
T7,37.9,36.48,1106,clear,75.93,0
T4,20.33,89.79,454,rain,77.68,0
T6,56.9,61.97,388,clear,32.88,0
T2,51.36,50.8,118,clear,27.85,0
T4,38.23,63.75,1409,clear,38.73,0
T10,29.2,38.65,814,storm,77.3,0
T1,57.74,39.19,1208,storm,88.99,0
T9,21.92,57.6,1051,storm,69.82,0
T3,57.35,58.23,412,rain,15.01,0
T10,45.33,33.27,1194,rain,95.49,0
T1,67.09,33.87,1306,fog,93.52,1
T10,39.18,81.64,1230,storm,34.1,0
T1,29.36,44.44,1121,storm,78.77,0
T7,68.42,71.43,1017,fog,77.95,0
T1,25.0,89.71,1712,clear,97.24,1
T7,32.41,65.45,759,clear,56.16,0
T10,57.34,91.43,1500,rain,17.97,0
T7,59.13,23.49,868,clear,81.37,0
T6,45.5,99.74,890,clear,45.67,0
T9,29.73,99.89,1299,rain,20.35,0
T7,28.3,88.89,1146,rain,72.17,0
T3,38.07,69.54,1351,rain,67.8,0
T3,51.23,69.96,111,rain,99.27,0
T6,54.05,42.3,147,rain,83.47,0
T3,57.2,91.14,1547,storm,62.15,1
T2,34.41,25.2,1534,clear,96.16,0
T10,31.04,89.55,1330,storm,32.49,0
T3,70.26,35.84,1202,clear,50.28,0
T3,46.49,48.04,1155,rain,65.41,0
T1,60.83,54.72,838,rain,14.17,0
T3,28.65,94.65,1445,fog,56.81,0
T4,34.22,82.24,1089,clear,85.71,0
T10,68.8,29.66,314,clear,50.91,0
T6,43.45,36.49,1256,rain,16.02,0
T6,59.27,29.29,1762,clear,35.09,0
T2,65.93,64.05,677,storm,73.16,0
T1,72.29,26.13,1187,fog,20.02,0
T3,50.78,42.13,964,rain,21.44,0
T1,58.38,94.6,1072,fog,59.89,0
T6,24.47,40.25,720,fog,84.45,0
T8,22.51,37.76,1509,rain,38.19,0
T2,30.57,85.81,772,storm,28.48,0
T4,55.92,67.02,957,clear,47.18,0
T2,32.79,96.3,614,storm,34.58,0
T3,31.74,53.73,392,fog,70.69,0
T8,29.63,41.37,535,rain,59.36,0
T2,39.32,30.02,1001,storm,22.24,0
T6,40.07,98.1,1164,clear,11.84,0
T10,61.94,61.35,1674,storm,93.67,1
T6,74.46,73.35,234,clear,45.04,0
T8,49.35,35.39,281,rain,90.93,0
T9,24.43,41.79,113,clear,85.33,0
T5,62.54,56.99,1163,fog,99.95,1
T5,63.67,37.86,623,clear,10.52,0
T9,48.77,51.09,656,storm,68.92,0
T4,57.62,79.47,696,clear,60.19,0
T3,54.53,41.9,1256,rain,20.23,0
T8,38.53,26.32,1322,fog,55.19,0
T9,23.76,40.08,302,fog,88.65,0
T9,20.91,20.5,1344,clear,34.94,0
T10,54.49,88.49,1500,rain,95.33,0
T1,35.47,57.97,1226,fog,32.64,0
T5,70.72,76.5,1047,fog,28.62,0
T7,38.42,95.13,632,storm,91.11,1
T10,35.15,22.04,1228,storm,53.57,0
T7,58.43,76.32,1171,storm,79.75,0
T3,26.52,73.47,126,rain,88.51,0
T4,72.22,56.74,693,storm,21.59,0
T6,26.66,36.28,156,fog,74.47,0
T8,52.89,29.79,1485,rain,95.04,0
T4,29.64,44.58,1644,rain,96.44,1
T5,37.64,25.41,538,fog,32.31,0
T9,37.56,94.06,491,rain,99.47,1
T5,42.68,85.77,416,clear,22.65,0
T3,66.11,32.49,1130,rain,38.54,0
T5,57.18,41.63,1545,fog,78.38,0
T4,62.77,87.06,210,fog,44.55,0
T8,66.86,79.59,983,storm,54.23,0
T6,47.28,87.47,151,clear,29.53,0
T6,39.1,80.32,493,storm,27.23,0
T4,48.7,25.21,270,fog,20.44,0
T10,25.36,72.47,180,fog,39.71,0
T2,72.61,66.02,267,fog,98.46,0
T1,28.81,63.5,1469,fog,78.87,0
T5,28.95,77.24,445,fog,62.27,0
T4,51.31,29.58,1416,storm,49.49,0
T7,42.27,65.62,380,clear,41.08,0
T6,39.97,38.1,1793,rain,26.95,0
T2,53.31,79.83,831,clear,11.83,0
T7,34.78,38.17,1492,fog,98.31,0
T8,26.18,48.92,218,rain,84.03,0
T7,68.78,93.51,266,storm,85.12,1
T5,56.24,57.99,911,storm,66.13,0
T5,27.68,24.96,1571,clear,67.66,0
T7,21.93,83.29,851,fog,93.47,0
T6,53.02,84.33,578,storm,77.87,0
T5,67.27,71.07,740,clear,63.94,0
T10,54.05,33.61,291,storm,10.59,0
T9,21.25,70.19,1620,clear,42.31,0
T9,68.29,31.61,719,clear,44.53,0
T9,33.48,90.08,135,rain,60.36,0
T1,45.97,25.71,463,fog,95.98,0
T9,69.13,38.5,876,rain,60.65,0
T2,62.27,83.85,1511,clear,71.28,1
T7,28.6,57.86,1647,rain,26.07,0
T2,48.98,75.58,411,rain,97.38,0
T3,68.96,40.0,259,clear,72.15,0
T10,64.51,26.46,1764,clear,63.59,0
T8,21.62,37.88,808,storm,90.65,1
T7,73.0,42.3,116,fog,51.0,0
T10,70.72,20.84,281,clear,59.83,0
T4,26.73,34.17,264,clear,38.75,0
T1,48.32,56.42,1756,clear,69.76,0
T4,23.81,55.51,1501,storm,22.36,1
T6,37.62,57.86,1094,clear,49.83,0
T4,32.45,50.76,1249,fog,16.6,0
T9,27.82,22.17,430,fog,86.82,0
T2,46.27,63.33,999,rain,26.51,0
T5,53.09,55.78,1629,clear,55.66,0
T6,73.1,99.15,541,clear,85.87,0
T4,72.22,57.95,1154,fog,43.67,0
T9,42.03,27.89,1643,rain,76.54,0
T7,52.07,47.48,1411,rain,73.23,0
T3,30.34,38.25,1257,fog,50.83,0
T1,62.68,25.11,1539,storm,69.13,1
T1,68.44,23.56,712,rain,51.83,0
T10,20.53,86.82,1466,rain,62.36,0
T10,70.7,75.1,836,clear,38.27,0
T10,48.39,80.72,216,clear,12.16,0
T8,23.78,20.23,1403,fog,86.27,0
T5,48.28,34.99,1308,clear,84.14,0
T2,71.58,95.73,748,storm,98.28,1
T6,34.34,32.23,566,rain,25.15,0
T3,52.32,59.54,391,clear,31.09,0
T4,51.4,70.84,302,fog,25.78,0
T7,39.75,99.69,1570,rain,60.11,0
T6,54.85,39.57,938,rain,91.94,0
T3,29.76,79.37,1254,clear,49.36,0
T6,32.13,32.79,759,storm,98.59,1
T9,59.57,81.21,1383,rain,98.41,0
T10,60.76,69.35,711,clear,59.55,0
T3,56.58,68.82,424,clear,11.03,0
T1,35.04,85.04,1393,fog,49.51,0
T9,72.39,51.84,854,fog,58.4,0
T10,53.76,49.13,327,rain,63.13,0
T9,29.46,57.23,1220,fog,87.37,0
T5,48.37,29.47,536,storm,41.77,0
T1,29.15,60.25,235,storm,81.33,0
T8,45.96,93.08,1033,rain,63.74,0
T1,42.65,75.95,1174,rain,81.51,0
T2,44.0,32.84,1708,fog,59.95,0
T1,30.4,98.32,975,fog,56.62,0
T8,40.29,86.88,1322,rain,30.48,0
T1,24.24,35.73,1119,fog,78.34,0
T2,74.68,29.07,274,rain,20.14,0
T7,62.07,39.34,639,clear,58.01,0
T8,21.46,65.42,1089,clear,34.21,0
T10,45.08,80.36,1098,storm,56.67,0
T2,41.73,34.19,752,clear,41.21,0
T6,67.2,80.83,1624,storm,70.47,0
T3,60.65,34.68,1636,fog,21.8,1
T8,35.36,94.75,945,rain,45.46,0
T6,47.86,70.16,330,fog,94.23,0
T6,53.96,79.76,992,clear,74.0,0
T9,70.89,92.08,1512,rain,68.71,1
T4,21.91,27.67,1126,storm,12.15,0
T5,30.24,63.27,1356,clear,14.77,0
T4,25.62,92.36,650,fog,39.28,0
T4,26.64,41.37,1268,fog,84.92,0
T6,49.94,40.37,310,clear,65.93,0
T6,67.17,34.29,795,clear,38.28,0
T3,37.73,86.07,1483,storm,68.37,0
T8,72.63,44.77,410,clear,38.85,0
T5,21.89,54.63,754,storm,56.24,0
T8,27.47,48.01,424,storm,35.76,0
T1,39.02,62.07,658,storm,38.34,0
T7,33.6,42.4,1485,fog,97.59,0
T10,40.4,94.71,126,storm,58.42,0
T1,67.67,61.07,1701,rain,76.63,1
T3,25.07,46.7,796,clear,98.58,0
T3,41.1,60.98,1082,fog,67.66,0
T6,72.47,99.59,1100,fog,60.93,1
T10,39.18,73.28,784,storm,34.0,0
T7,73.0,74.61,335,clear,96.85,0
T10,71.92,42.33,1555,rain,24.76,0
T6,68.65,47.91,1188,storm,59.81,0
T3,72.64,48.4,1243,rain,46.16,0
T4,51.74,61.12,358,fog,42.78,0
T8,57.11,34.92,1206,rain,34.26,0
T9,67.45,22.4,894,storm,48.72,1
T8,74.76,80.91,757,fog,69.55,0
T4,40.31,26.08,469,rain,89.59,0
T6,69.8,36.08,374,fog,58.94,0
T4,23.94,63.78,1167,fog,45.17,0
T5,20.35,62.95,808,fog,73.83,0
T4,57.16,20.97,1766,clear,87.33,0
T6,54.38,33.16,694,storm,63.55,0
T5,63.47,63.19,221,clear,43.08,0
T7,60.09,55.86,1359,fog,76.53,0
T9,28.3,69.07,1113,rain,36.14,0
T5,32.89,66.91,862,rain,50.96,0
T4,55.32,86.51,599,clear,12.27,0
T3,30.66,72.08,693,storm,62.21,0
T3,55.7,50.05,758,clear,30.13,0
T7,32.24,87.73,537,storm,12.92,0
T4,56.32,23.14,454,storm,25.08,0
T4,31.24,64.9,154,storm,37.74,0
T5,64.24,95.51,123,fog,68.89,1
T1,66.12,79.54,1228,storm,85.93,0
T10,73.54,50.57,253,clear,56.76,0
T5,45.1,64.26,1033,fog,96.21,0
T3,58.25,53.31,1449,rain,74.5,0
T7,66.45,26.99,766,fog,86.98,0
T4,54.55,62.53,124,storm,82.67,0
T2,23.27,96.53,135,storm,18.61,0
T9,70.57,99.99,1655,storm,92.94,0
T10,34.19,88.97,1120,rain,27.5,0
T7,58.11,48.62,1650,rain,26.89,0
T8,36.79,32.93,1128,fog,45.33,0
T8,21.81,92.93,277,storm,12.87,0
T3,31.16,66.09,446,fog,44.47,0
T4,68.44,99.52,1120,clear,93.22,1
T6,71.23,31.91,419,storm,80.1,1
T8,69.67,24.55,416,storm,56.1,1
T2,48.59,85.64,1107,fog,66.02,0
T2,43.93,75.91,420,clear,49.01,0
T9,61.39,98.14,415,storm,89.91,0
T6,39.37,50.92,739,storm,95.1,1
T1,34.25,96.8,165,clear,39.03,0
T4,62.17,83.09,718,clear,81.1,0
T2,60.2,20.8,202,storm,95.75,0
T10,54.1,54.78,1104,fog,37.08,0
T2,65.35,42.53,1597,rain,97.74,1
T4,55.9,85.11,681,clear,55.28,0
T6,37.86,70.03,1084,storm,73.46,0
T5,63.05,50.07,722,fog,31.38,0
T1,53.2,39.53,995,fog,75.37,0
T9,43.59,73.8,322,fog,69.78,0
T9,49.85,43.19,1333,storm,34.77,0
T6,56.9,68.81,1636,fog,79.93,0
T8,64.98,37.33,1357,clear,81.62,0
T1,64.16,86.75,193,rain,71.55,0
T5,21.53,21.41,1049,clear,72.71,0
T10,67.67,57.71,1039,clear,95.64,1
T4,59.04,47.88,434,clear,16.52,0
T9,68.73,57.91,290,fog,93.87,0
T5,55.76,66.52,1157,fog,13.38,0
T6,71.37,38.92,723,fog,15.07,0
T4,68.18,55.54,1247,clear,54.64,0
T8,74.85,43.18,1149,rain,29.99,0
T6,46.82,47.18,702,fog,10.17,0
T4,35.28,55.85,715,fog,54.22,0
T4,74.74,45.86,584,fog,56.75,0
T4,29.14,81.89,896,clear,19.99,0
T7,22.75,46.41,156,fog,83.43,0
T1,39.03,84.32,951,storm,37.0,0
T10,25.6,77.8,1477,storm,86.42,0
T7,66.57,73.2,122,clear,70.31,0
T6,65.68,63.99,1071,fog,13.58,0
T10,50.82,41.08,408,clear,13.56,0
T2,43.92,52.28,1294,clear,11.31,0
T5,31.76,97.44,1009,storm,86.71,1
T9,67.31,70.44,894,clear,69.53,0
T6,28.37,22.68,281,rain,53.44,0
T4,69.05,65.0,214,clear,75.46,0
T1,69.91,35.88,529,clear,24.51,0
T3,21.38,78.27,916,storm,99.43,1
T6,64.93,61.3,503,clear,46.08,0
T5,20.38,35.68,658,fog,91.28,0
T7,24.01,40.99,1622,rain,98.8,1
T3,51.39,46.68,802,fog,51.18,0
T1,28.38,90.86,1312,rain,43.46,0
T4,56.22,62.06,1320,clear,82.46,0
T6,74.75,97.11,1179,storm,16.96,1
T6,50.74,95.56,1633,fog,36.31,1
T3,23.89,81.7,266,rain,72.02,0
T6,26.09,67.72,1589,clear,24.49,0
T9,72.9,36.72,755,storm,30.26,1
T9,20.43,66.76,1077,clear,49.45,0
T2,21.15,56.85,1588,rain,36.77,0
T9,42.46,42.24,485,storm,25.14,0
T4,41.06,63.81,1071,clear,61.65,0
T2,28.58,80.46,1140,rain,95.18,0
T4,48.94,46.87,651,fog,25.63,0
T10,63.26,30.85,1538,clear,86.14,0
T3,36.97,44.18,1723,storm,45.01,1
T8,67.82,58.21,1218,fog,20.47,0
T7,22.91,22.07,382,storm,61.61,0
T9,65.9,49.71,1629,clear,37.11,0
T5,47.18,81.51,1290,storm,95.14,1
T6,55.91,79.94,1796,storm,19.64,1
T8,61.07,42.48,239,fog,95.27,1
T5,49.5,60.42,1226,clear,62.51,0
T8,62.63,76.23,654,clear,45.87,0
T7,38.19,42.47,1324,fog,18.06,0
