timestamp,tower_id,video_users,voice_users,iot_devices,gaming_users,emergency_users
2026-01-01 00:00:00,T2,379,16,374,87,5
2026-01-01 00:05:00,T4,219,300,158,6,0
2026-01-01 00:10:00,T10,659,273,236,12,10
2026-01-01 00:15:00,T2,326,111,975,215,14
2026-01-01 00:20:00,T3,288,128,432,87,5
2026-01-01 00:25:00,T4,596,101,1178,249,7
2026-01-01 00:30:00,T2,583,141,929,162,0
2026-01-01 00:35:00,T3,356,286,136,5,3
2026-01-01 00:40:00,T7,512,155,978,228,11
2026-01-01 00:45:00,T2,93,186,226,152,18
2026-01-01 00:50:00,T10,485,40,491,33,2
2026-01-01 00:55:00,T9,417,273,1199,100,20
2026-01-01 01:00:00,T2,442,115,726,180,8
2026-01-01 01:05:00,T1,527,260,1162,186,3
2026-01-01 01:10:00,T3,507,230,318,231,0
2026-01-01 01:15:00,T10,634,260,446,32,11
2026-01-01 01:20:00,T10,220,141,783,70,3
2026-01-01 01:25:00,T2,599,111,922,213,19
2026-01-01 01:30:00,T9,631,256,710,190,19
2026-01-01 01:35:00,T2,312,26,620,60,8
2026-01-01 01:40:00,T10,478,226,885,202,7
2026-01-01 01:45:00,T7,567,80,1080,22,17
2026-01-01 01:50:00,T3,535,28,300,189,9
2026-01-01 01:55:00,T4,243,108,711,205,16
2026-01-01 02:00:00,T1,374,233,1017,222,0
2026-01-01 02:05:00,T1,365,45,630,8,9
2026-01-01 02:10:00,T2,648,279,1177,186,8
2026-01-01 02:15:00,T6,279,62,471,24,13
2026-01-01 02:20:00,T9,117,126,968,32,4
2026-01-01 02:25:00,T10,256,221,768,241,9
2026-01-01 02:30:00,T10,431,139,71,83,12
2026-01-01 02:35:00,T8,183,254,601,245,13
2026-01-01 02:40:00,T9,491,214,186,58,12
2026-01-01 02:45:00,T7,380,274,1052,53,10
2026-01-01 02:50:00,T4,327,28,442,104,16
2026-01-01 02:55:00,T10,439,44,472,95,5
2026-01-01 03:00:00,T3,223,35,517,208,9
2026-01-01 03:05:00,T5,630,81,1106,187,8
2026-01-01 03:10:00,T10,485,62,201,159,10
2026-01-01 03:15:00,T7,62,112,1130,91,17
2026-01-01 03:20:00,T3,622,168,287,21,7
2026-01-01 03:25:00,T1,90,212,363,24,18
2026-01-01 03:30:00,T9,411,105,1090,209,9
2026-01-01 03:35:00,T10,266,136,99,234,10
2026-01-01 03:40:00,T6,220,14,442,186,3
2026-01-01 03:45:00,T7,50,192,987,128,0
2026-01-01 03:50:00,T3,20,171,947,26,11
2026-01-01 03:55:00,T4,274,124,238,56,15
2026-01-01 04:00:00,T8,575,205,149,127,19
2026-01-01 04:05:00,T7,633,251,1148,19,5
2026-01-01 04:10:00,T8,150,184,579,49,15
2026-01-01 04:15:00,T9,442,145,886,215,4
2026-01-01 04:20:00,T1,102,167,232,34,8
2026-01-01 04:25:00,T5,95,127,727,70,0
2026-01-01 04:30:00,T5,203,38,767,139,5
2026-01-01 04:35:00,T2,242,157,137,50,8
2026-01-01 04:40:00,T7,587,234,335,28,4
2026-01-01 04:45:00,T6,169,20,1199,36,5
2026-01-01 04:50:00,T3,113,284,399,243,18
2026-01-01 04:55:00,T8,254,219,780,166,17
2026-01-01 05:00:00,T3,115,103,861,130,2
2026-01-01 05:05:00,T9,682,125,483,158,11
2026-01-01 05:10:00,T7,126,272,82,120,5
2026-01-01 05:15:00,T10,381,54,1142,223,12
2026-01-01 05:20:00,T8,406,126,72,133,17
2026-01-01 05:25:00,T6,395,74,525,140,20
2026-01-01 05:30:00,T10,65,239,827,179,5
2026-01-01 05:35:00,T7,357,202,694,186,0
2026-01-01 05:40:00,T10,443,130,835,105,2
2026-01-01 05:45:00,T1,183,57,800,15,0
2026-01-01 05:50:00,T5,159,119,117,133,10
2026-01-01 05:55:00,T5,550,196,752,240,2
2026-01-01 06:00:00,T4,263,93,95,144,14
2026-01-01 06:05:00,T8,572,224,942,147,3
2026-01-01 06:10:00,T1,495,163,812,55,10
2026-01-01 06:15:00,T10,413,297,233,183,13
2026-01-01 06:20:00,T9,379,175,793,176,18
2026-01-01 06:25:00,T1,123,118,1093,98,10
2026-01-01 06:30:00,T6,415,175,683,15,13
2026-01-01 06:35:00,T4,676,136,703,190,3
2026-01-01 06:40:00,T9,603,12,668,246,5
2026-01-01 06:45:00,T3,238,107,958,155,17
2026-01-01 06:50:00,T9,697,253,1152,58,17
2026-01-01 06:55:00,T5,654,185,358,52,1
2026-01-01 07:00:00,T6,298,240,57,210,12
2026-01-01 07:05:00,T3,676,34,1182,148,13
2026-01-01 07:10:00,T2,479,287,1085,53,7
2026-01-01 07:15:00,T1,219,32,652,164,5
2026-01-01 07:20:00,T7,411,259,495,149,17
2026-01-01 07:25:00,T6,552,105,380,236,8
2026-01-01 07:30:00,T8,56,63,869,182,0
2026-01-01 07:35:00,T10,206,165,967,73,20
2026-01-01 07:40:00,T8,568,84,677,149,6
2026-01-01 07:45:00,T10,332,106,563,222,4
2026-01-01 07:50:00,T9,645,102,436,164,5
2026-01-01 07:55:00,T5,184,63,986,188,7
2026-01-01 08:00:00,T7,109,155,539,25,7
2026-01-01 08:05:00,T8,662,19,1021,16,2
2026-01-01 08:10:00,T9,398,78,704,44,2
2026-01-01 08:15:00,T3,353,202,1109,104,11
2026-01-01 08:20:00,T4,622,155,1100,10,0
2026-01-01 08:25:00,T5,175,49,396,220,7
2026-01-01 08:30:00,T7,164,164,779,86,1
2026-01-01 08:35:00,T9,558,202,1078,197,16
2026-01-01 08:40:00,T5,65,143,522,192,8
2026-01-01 08:45:00,T9,132,234,317,169,17
2026-01-01 08:50:00,T5,683,26,723,153,12
2026-01-01 08:55:00,T5,464,276,671,115,1
2026-01-01 09:00:00,T6,156,23,664,204,20
2026-01-01 09:05:00,T8,206,194,367,181,8
2026-01-01 09:10:00,T9,184,225,566,244,18
2026-01-01 09:15:00,T7,523,10,684,206,17
2026-01-01 09:20:00,T2,101,101,258,32,8
2026-01-01 09:25:00,T2,107,83,1013,55,3
2026-01-01 09:30:00,T10,274,68,363,241,6
2026-01-01 09:35:00,T9,91,257,1167,7,18
2026-01-01 09:40:00,T2,122,212,914,195,18
2026-01-01 09:45:00,T6,618,177,1042,45,16
2026-01-01 09:50:00,T2,485,261,1004,207,13
2026-01-01 09:55:00,T4,686,202,700,75,15
2026-01-01 10:00:00,T5,46,299,65,69,19
2026-01-01 10:05:00,T10,192,247,913,12,18
2026-01-01 10:10:00,T1,421,158,1107,155,17
2026-01-01 10:15:00,T1,351,80,533,160,11
2026-01-01 10:20:00,T1,573,42,1185,172,9
2026-01-01 10:25:00,T6,453,154,328,143,6
2026-01-01 10:30:00,T1,476,277,923,110,15
2026-01-01 10:35:00,T8,23,142,731,218,13
2026-01-01 10:40:00,T10,247,158,1109,230,9
2026-01-01 10:45:00,T2,695,170,1150,138,8
2026-01-01 10:50:00,T6,595,73,464,121,5
2026-01-01 10:55:00,T2,463,176,404,138,5
2026-01-01 11:00:00,T4,229,234,637,178,17
2026-01-01 11:05:00,T1,63,262,340,127,20
2026-01-01 11:10:00,T2,531,52,967,39,3
2026-01-01 11:15:00,T10,518,278,1110,38,18
2026-01-01 11:20:00,T10,555,36,955,228,9
2026-01-01 11:25:00,T3,540,124,312,181,3
2026-01-01 11:30:00,T3,477,86,880,53,16
2026-01-01 11:35:00,T9,517,255,71,79,3
2026-01-01 11:40:00,T3,183,156,334,54,0
2026-01-01 11:45:00,T5,647,134,438,183,5
2026-01-01 11:50:00,T2,658,68,453,12,5
2026-01-01 11:55:00,T8,449,202,300,164,5
2026-01-01 12:00:00,T8,489,293,110,96,7
2026-01-01 12:05:00,T3,493,167,495,241,19
2026-01-01 12:10:00,T6,691,127,944,48,5
2026-01-01 12:15:00,T7,379,58,648,100,18
2026-01-01 12:20:00,T1,206,197,575,141,1
2026-01-01 12:25:00,T3,241,296,1018,73,15
2026-01-01 12:30:00,T1,462,210,1146,153,4
2026-01-01 12:35:00,T5,691,178,923,209,16
2026-01-01 12:40:00,T1,467,86,498,36,1
2026-01-01 12:45:00,T1,692,256,942,141,4
2026-01-01 12:50:00,T9,518,108,613,121,10
2026-01-01 12:55:00,T9,551,287,857,75,16
2026-01-01 13:00:00,T9,504,285,142,153,20
2026-01-01 13:05:00,T8,411,131,397,242,2
2026-01-01 13:10:00,T3,531,254,961,36,20
2026-01-01 13:15:00,T8,550,243,589,14,20
2026-01-01 13:20:00,T5,57,23,351,246,13
2026-01-01 13:25:00,T7,412,174,287,144,14
2026-01-01 13:30:00,T6,140,276,107,155,0
2026-01-01 13:35:00,T4,64,239,880,103,13
2026-01-01 13:40:00,T9,138,131,276,98,15
2026-01-01 13:45:00,T2,519,239,946,134,8
2026-01-01 13:50:00,T3,224,233,958,204,18
2026-01-01 13:55:00,T1,638,236,73,14,5
2026-01-01 14:00:00,T2,495,117,210,149,17
2026-01-01 14:05:00,T1,22,33,580,199,4
2026-01-01 14:10:00,T10,611,51,400,247,15
2026-01-01 14:15:00,T7,605,207,740,113,3
2026-01-01 14:20:00,T1,115,97,520,49,0
2026-01-01 14:25:00,T5,112,108,691,205,17
2026-01-01 14:30:00,T2,71,115,1003,82,7
2026-01-01 14:35:00,T2,617,159,192,229,20
2026-01-01 14:40:00,T3,673,75,117,130,6
2026-01-01 14:45:00,T10,357,193,965,148,15
2026-01-01 14:50:00,T8,490,194,417,178,6
2026-01-01 14:55:00,T8,674,66,945,31,19
2026-01-01 15:00:00,T2,302,142,729,113,7
2026-01-01 15:05:00,T7,35,26,648,43,18
2026-01-01 15:10:00,T6,599,178,190,56,8
2026-01-01 15:15:00,T6,448,155,331,88,15
2026-01-01 15:20:00,T10,434,108,840,48,11
2026-01-01 15:25:00,T8,79,25,839,45,0
2026-01-01 15:30:00,T2,133,230,285,90,8
2026-01-01 15:35:00,T3,454,271,85,110,0
2026-01-01 15:40:00,T7,128,109,532,247,13
2026-01-01 15:45:00,T1,386,169,485,154,15
2026-01-01 15:50:00,T6,673,236,1046,162,17
2026-01-01 15:55:00,T2,64,121,707,128,1
2026-01-01 16:00:00,T2,374,185,1040,84,17
2026-01-01 16:05:00,T7,655,19,115,11,18
2026-01-01 16:10:00,T8,700,121,407,69,2
2026-01-01 16:15:00,T9,557,220,83,21,7
2026-01-01 16:20:00,T10,198,271,1148,226,1
2026-01-01 16:25:00,T4,531,35,799,62,2
2026-01-01 16:30:00,T5,437,34,1037,152,14
2026-01-01 16:35:00,T7,105,283,982,65,13
2026-01-01 16:40:00,T10,88,271,796,114,2
2026-01-01 16:45:00,T6,465,254,474,156,15
2026-01-01 16:50:00,T8,336,270,1186,5,2
2026-01-01 16:55:00,T9,335,108,512,141,18
2026-01-01 17:00:00,T1,45,232,682,212,17
2026-01-01 17:05:00,T1,661,256,847,176,18
2026-01-01 17:10:00,T5,209,104,635,199,14
2026-01-01 17:15:00,T8,619,211,117,86,17
2026-01-01 17:20:00,T6,178,228,696,170,5
2026-01-01 17:25:00,T3,327,155,899,144,4
2026-01-01 17:30:00,T10,542,144,1187,148,12
2026-01-01 17:35:00,T2,683,141,930,191,9
2026-01-01 17:40:00,T1,532,292,1001,46,18
2026-01-01 17:45:00,T4,138,288,321,93,12
2026-01-01 17:50:00,T4,457,21,393,230,5
2026-01-01 17:55:00,T8,218,113,247,14,5
2026-01-01 18:00:00,T10,363,82,882,221,10
2026-01-01 18:05:00,T10,694,22,920,172,15
2026-01-01 18:10:00,T8,645,91,310,250,4
2026-01-01 18:15:00,T7,419,48,242,139,3
2026-01-01 18:20:00,T4,335,169,238,32,6
2026-01-01 18:25:00,T1,208,224,745,81,13
2026-01-01 18:30:00,T1,526,130,427,76,7
2026-01-01 18:35:00,T2,629,285,383,126,3
2026-01-01 18:40:00,T9,526,185,51,141,15
2026-01-01 18:45:00,T5,40,256,420,228,1
2026-01-01 18:50:00,T3,317,182,1123,41,16
2026-01-01 18:55:00,T9,101,177,1022,45,19
2026-01-01 19:00:00,T2,69,209,995,14,17
2026-01-01 19:05:00,T8,589,98,311,59,12
2026-01-01 19:10:00,T5,143,157,451,54,19
2026-01-01 19:15:00,T3,697,127,174,226,14
2026-01-01 19:20:00,T4,686,192,602,119,5
2026-01-01 19:25:00,T4,314,199,1192,92,3
2026-01-01 19:30:00,T2,571,32,1166,103,5
2026-01-01 19:35:00,T7,420,156,997,104,0
2026-01-01 19:40:00,T8,644,176,846,102,10
2026-01-01 19:45:00,T2,556,215,748,163,9
2026-01-01 19:50:00,T10,202,126,745,198,1
2026-01-01 19:55:00,T5,373,230,95,144,20
2026-01-01 20:00:00,T1,668,33,413,198,9
2026-01-01 20:05:00,T5,79,29,1198,229,5
2026-01-01 20:10:00,T10,487,73,700,98,5
2026-01-01 20:15:00,T9,633,125,1144,171,7
2026-01-01 20:20:00,T8,626,256,974,216,17
2026-01-01 20:25:00,T10,128,35,384,104,20
2026-01-01 20:30:00,T1,576,298,147,237,13
2026-01-01 20:35:00,T8,616,113,1168,77,11
2026-01-01 20:40:00,T4,225,49,709,222,15
2026-01-01 20:45:00,T3,49,204,860,243,19
2026-01-01 20:50:00,T3,406,85,340,20,2
2026-01-01 20:55:00,T8,686,24,1150,250,18
2026-01-01 21:00:00,T2,689,246,629,228,1
2026-01-01 21:05:00,T9,603,93,182,30,7
2026-01-01 21:10:00,T3,590,281,737,94,14
2026-01-01 21:15:00,T2,174,193,382,106,3
2026-01-01 21:20:00,T5,638,208,341,176,17
2026-01-01 21:25:00,T8,293,100,134,27,6
2026-01-01 21:30:00,T9,131,52,932,227,12
2026-01-01 21:35:00,T2,116,127,1133,137,14
2026-01-01 21:40:00,T6,670,28,588,202,3
2026-01-01 21:45:00,T9,416,151,678,70,8
2026-01-01 21:50:00,T4,356,141,1188,25,10
2026-01-01 21:55:00,T1,400,245,499,250,14
2026-01-01 22:00:00,T8,273,276,741,63,20
2026-01-01 22:05:00,T7,412,233,1119,26,5
2026-01-01 22:10:00,T4,163,295,914,155,16
2026-01-01 22:15:00,T8,302,137,214,9,15
2026-01-01 22:20:00,T7,31,44,428,201,3
2026-01-01 22:25:00,T7,287,28,987,111,15
2026-01-01 22:30:00,T2,416,296,171,214,14
2026-01-01 22:35:00,T4,635,268,147,33,19
2026-01-01 22:40:00,T10,99,203,945,150,17
2026-01-01 22:45:00,T4,258,126,228,78,15
2026-01-01 22:50:00,T8,645,108,1193,40,11
2026-01-01 22:55:00,T1,419,49,859,239,13
2026-01-01 23:00:00,T7,374,106,1008,46,10
2026-01-01 23:05:00,T1,415,226,756,153,2
2026-01-01 23:10:00,T6,588,184,422,225,2
2026-01-01 23:15:00,T7,297,43,592,176,12
2026-01-01 23:20:00,T9,410,13,301,126,5
2026-01-01 23:25:00,T5,74,19,347,235,10
2026-01-01 23:30:00,T2,109,85,370,55,2
2026-01-01 23:35:00,T7,25,21,328,71,14
2026-01-01 23:40:00,T8,332,273,294,223,14
2026-01-01 23:45:00,T10,610,44,665,15,7
2026-01-01 23:50:00,T8,187,268,644,26,6
2026-01-01 23:55:00,T9,269,219,380,232,5
2026-01-02 00:00:00,T5,692,141,401,62,20
2026-01-02 00:05:00,T10,251,272,93,153,4
2026-01-02 00:10:00,T4,492,23,872,190,10
2026-01-02 00:15:00,T7,439,118,224,14,10
2026-01-02 00:20:00,T1,142,223,333,225,20
2026-01-02 00:25:00,T1,385,125,1178,36,19
2026-01-02 00:30:00,T10,227,164,665,23,7
2026-01-02 00:35:00,T9,278,244,385,164,9
2026-01-02 00:40:00,T4,404,66,889,161,0
2026-01-02 00:45:00,T4,95,217,513,244,19
2026-01-02 00:50:00,T8,638,134,916,221,4
2026-01-02 00:55:00,T2,74,103,82,25,11
2026-01-02 01:00:00,T5,42,274,409,51,8
2026-01-02 01:05:00,T9,670,75,906,219,7
2026-01-02 01:10:00,T4,158,235,602,146,7
2026-01-02 01:15:00,T9,555,149,459,152,2
2026-01-02 01:20:00,T9,686,48,1062,77,7
2026-01-02 01:25:00,T10,166,20,1140,31,14
2026-01-02 01:30:00,T5,311,262,534,217,2
2026-01-02 01:35:00,T5,98,278,1196,190,6
2026-01-02 01:40:00,T1,677,240,844,70,7
2026-01-02 01:45:00,T6,98,77,360,26,15
2026-01-02 01:50:00,T7,633,82,649,95,3
2026-01-02 01:55:00,T5,489,25,374,131,17
2026-01-02 02:00:00,T4,674,150,198,128,20
2026-01-02 02:05:00,T9,405,200,976,185,4
2026-01-02 02:10:00,T6,263,205,1034,149,14
2026-01-02 02:15:00,T8,44,133,387,44,11
2026-01-02 02:20:00,T1,29,166,504,129,8
2026-01-02 02:25:00,T3,564,211,445,235,7
2026-01-02 02:30:00,T2,549,254,812,242,7
2026-01-02 02:35:00,T4,95,124,131,158,17
2026-01-02 02:40:00,T5,233,258,417,127,4
2026-01-02 02:45:00,T4,572,197,89,40,12
2026-01-02 02:50:00,T8,56,162,240,88,14
2026-01-02 02:55:00,T1,605,175,365,38,9
2026-01-02 03:00:00,T2,646,90,695,113,6
2026-01-02 03:05:00,T7,324,93,709,229,16
2026-01-02 03:10:00,T10,550,108,1181,209,16
2026-01-02 03:15:00,T8,454,40,898,15,8
2026-01-02 03:20:00,T3,598,140,1108,199,3
2026-01-02 03:25:00,T7,624,157,659,63,18
2026-01-02 03:30:00,T2,505,65,512,110,3
2026-01-02 03:35:00,T4,331,265,148,249,16
2026-01-02 03:40:00,T3,486,147,442,124,6
2026-01-02 03:45:00,T6,76,12,730,85,16
2026-01-02 03:50:00,T1,366,228,736,46,5
2026-01-02 03:55:00,T6,543,75,1080,213,0
2026-01-02 04:00:00,T2,484,111,65,67,20
2026-01-02 04:05:00,T6,165,29,178,174,6
2026-01-02 04:10:00,T9,25,84,135,177,19
2026-01-02 04:15:00,T5,439,234,1054,161,18
2026-01-02 04:20:00,T2,646,83,980,152,0
2026-01-02 04:25:00,T9,488,206,461,33,1
2026-01-02 04:30:00,T3,464,140,784,133,1
2026-01-02 04:35:00,T9,364,49,171,175,3
2026-01-02 04:40:00,T3,237,284,1067,128,9
2026-01-02 04:45:00,T7,688,246,112,95,2
2026-01-02 04:50:00,T9,97,42,649,47,18
2026-01-02 04:55:00,T5,150,197,1181,245,15
2026-01-02 05:00:00,T6,627,170,524,23,17
2026-01-02 05:05:00,T4,369,74,972,126,19
2026-01-02 05:10:00,T6,539,183,376,37,6
2026-01-02 05:15:00,T5,159,283,985,113,2
2026-01-02 05:20:00,T9,225,123,1160,71,7
2026-01-02 05:25:00,T10,91,70,1036,247,19
2026-01-02 05:30:00,T8,176,85,53,243,14
2026-01-02 05:35:00,T4,610,132,831,23,4
2026-01-02 05:40:00,T1,308,185,186,20,16
2026-01-02 05:45:00,T1,473,194,1003,142,16
2026-01-02 05:50:00,T7,192,136,648,37,14
2026-01-02 05:55:00,T9,679,69,982,51,8
2026-01-02 06:00:00,T9,540,296,559,102,2
2026-01-02 06:05:00,T6,350,192,824,87,16
2026-01-02 06:10:00,T4,652,60,655,200,10
2026-01-02 06:15:00,T1,652,122,809,139,19
2026-01-02 06:20:00,T10,506,10,471,133,15
2026-01-02 06:25:00,T4,584,178,1157,78,14
2026-01-02 06:30:00,T9,168,212,458,79,20
2026-01-02 06:35:00,T10,538,119,1093,157,20
2026-01-02 06:40:00,T6,335,10,1013,83,19
2026-01-02 06:45:00,T10,545,84,817,35,19
2026-01-02 06:50:00,T8,185,88,542,160,3
2026-01-02 06:55:00,T6,514,142,590,223,16
2026-01-02 07:00:00,T10,289,268,704,215,19
2026-01-02 07:05:00,T8,668,139,1143,101,1
2026-01-02 07:10:00,T4,89,268,527,38,1
2026-01-02 07:15:00,T1,274,72,205,21,0
2026-01-02 07:20:00,T1,628,206,1128,7,17
2026-01-02 07:25:00,T6,99,217,946,205,14
2026-01-02 07:30:00,T7,151,265,283,123,14
2026-01-02 07:35:00,T6,122,233,732,44,9
2026-01-02 07:40:00,T8,72,232,431,144,11
2026-01-02 07:45:00,T10,473,25,473,101,10
2026-01-02 07:50:00,T7,499,50,587,74,6
2026-01-02 07:55:00,T3,352,187,737,79,17
2026-01-02 08:00:00,T6,466,44,957,104,0
2026-01-02 08:05:00,T9,584,213,673,90,13
2026-01-02 08:10:00,T1,146,111,1094,169,17
2026-01-02 08:15:00,T8,491,265,513,29,16
2026-01-02 08:20:00,T4,403,185,59,160,4
2026-01-02 08:25:00,T5,230,128,531,8,9
2026-01-02 08:30:00,T4,146,49,698,203,13
2026-01-02 08:35:00,T10,601,55,833,210,17
2026-01-02 08:40:00,T2,362,260,117,71,1
2026-01-02 08:45:00,T6,338,67,991,7,8
2026-01-02 08:50:00,T2,54,288,151,209,17
2026-01-02 08:55:00,T3,463,61,178,176,9
2026-01-02 09:00:00,T7,85,258,683,57,2
2026-01-02 09:05:00,T10,325,251,59,160,13
2026-01-02 09:10:00,T4,371,89,94,20,0
2026-01-02 09:15:00,T9,673,210,1118,30,16
2026-01-02 09:20:00,T5,405,64,1149,140,6
2026-01-02 09:25:00,T4,188,36,293,17,15
2026-01-02 09:30:00,T3,596,162,533,72,16
2026-01-02 09:35:00,T9,159,235,879,61,12
2026-01-02 09:40:00,T6,225,166,106,121,16
2026-01-02 09:45:00,T4,249,262,300,73,13
2026-01-02 09:50:00,T6,56,231,175,113,13
2026-01-02 09:55:00,T10,347,46,1183,202,14
2026-01-02 10:00:00,T3,424,137,91,14,20
2026-01-02 10:05:00,T10,105,234,1198,107,11
2026-01-02 10:10:00,T8,425,117,798,152,14
2026-01-02 10:15:00,T10,407,92,444,165,20
2026-01-02 10:20:00,T8,443,192,139,66,13
2026-01-02 10:25:00,T6,663,156,1044,106,16
2026-01-02 10:30:00,T2,85,289,615,39,15
2026-01-02 10:35:00,T6,141,48,248,47,0
2026-01-02 10:40:00,T7,73,202,605,161,15
2026-01-02 10:45:00,T8,133,82,602,120,3
2026-01-02 10:50:00,T7,527,282,602,86,13
2026-01-02 10:55:00,T9,558,69,232,160,4
2026-01-02 11:00:00,T3,331,142,97,48,18
2026-01-02 11:05:00,T4,24,266,474,29,10
2026-01-02 11:10:00,T7,463,161,402,195,1
2026-01-02 11:15:00,T8,204,156,94,72,8
2026-01-02 11:20:00,T8,659,103,399,117,5
2026-01-02 11:25:00,T1,371,84,964,109,11
2026-01-02 11:30:00,T4,130,179,460,91,2
2026-01-02 11:35:00,T6,621,299,793,216,10
2026-01-02 11:40:00,T7,582,246,545,60,1
2026-01-02 11:45:00,T2,679,244,80,240,3
2026-01-02 11:50:00,T7,146,278,244,184,19
2026-01-02 11:55:00,T10,497,239,1183,199,12
2026-01-02 12:00:00,T4,268,276,721,84,12
2026-01-02 12:05:00,T6,100,190,965,101,19
2026-01-02 12:10:00,T4,173,182,990,125,19
2026-01-02 12:15:00,T5,661,215,58,108,9
2026-01-02 12:20:00,T6,105,76,300,154,12
2026-01-02 12:25:00,T6,554,196,537,66,15
2026-01-02 12:30:00,T3,674,210,391,147,14
2026-01-02 12:35:00,T1,317,300,234,249,17
2026-01-02 12:40:00,T3,435,96,627,245,12
2026-01-02 12:45:00,T8,409,197,747,49,7
2026-01-02 12:50:00,T9,220,191,855,14,1
2026-01-02 12:55:00,T9,181,159,472,52,5
2026-01-02 13:00:00,T5,594,26,1099,51,8
2026-01-02 13:05:00,T1,589,75,621,221,2
2026-01-02 13:10:00,T1,301,141,327,201,1
2026-01-02 13:15:00,T4,356,120,1139,8,14
2026-01-02 13:20:00,T10,254,299,611,68,0
2026-01-02 13:25:00,T1,428,141,1055,132,12
2026-01-02 13:30:00,T2,505,187,815,197,4
2026-01-02 13:35:00,T8,354,230,681,247,4
2026-01-02 13:40:00,T7,125,66,1100,74,12
2026-01-02 13:45:00,T9,316,22,932,16,2
2026-01-02 13:50:00,T4,539,125,814,64,4
2026-01-02 13:55:00,T1,489,37,558,208,16
2026-01-02 14:00:00,T4,62,71,485,177,11
2026-01-02 14:05:00,T10,173,204,589,206,12
2026-01-02 14:10:00,T4,606,27,114,25,14
2026-01-02 14:15:00,T3,380,135,863,64,1
2026-01-02 14:20:00,T1,257,51,701,104,6
2026-01-02 14:25:00,T2,370,68,919,66,19
2026-01-02 14:30:00,T6,272,54,845,70,18
2026-01-02 14:35:00,T4,562,294,135,17,1
2026-01-02 14:40:00,T4,677,70,604,56,18
2026-01-02 14:45:00,T4,317,202,242,234,3
2026-01-02 14:50:00,T4,558,207,924,216,9
2026-01-02 14:55:00,T5,373,21,676,128,7
2026-01-02 15:00:00,T6,333,101,664,185,12
2026-01-02 15:05:00,T2,379,130,1170,149,6
2026-01-02 15:10:00,T9,649,249,689,44,8
2026-01-02 15:15:00,T9,656,60,606,117,13
2026-01-02 15:20:00,T9,339,79,678,59,14
2026-01-02 15:25:00,T3,145,60,872,143,20
2026-01-02 15:30:00,T3,277,27,256,109,18
2026-01-02 15:35:00,T9,625,83,1128,116,10
2026-01-02 15:40:00,T4,194,97,567,33,15
2026-01-02 15:45:00,T5,626,17,1101,209,14
2026-01-02 15:50:00,T1,23,132,546,177,6
2026-01-02 15:55:00,T2,493,24,626,87,20
2026-01-02 16:00:00,T4,457,78,156,31,20
2026-01-02 16:05:00,T2,378,120,276,171,2
2026-01-02 16:10:00,T1,481,188,215,110,2
2026-01-02 16:15:00,T8,44,112,386,183,10
2026-01-02 16:20:00,T2,172,126,224,148,5
2026-01-02 16:25:00,T8,307,281,537,118,12
2026-01-02 16:30:00,T4,247,237,860,174,17
2026-01-02 16:35:00,T3,381,50,441,119,5
2026-01-02 16:40:00,T7,292,90,981,138,16
2026-01-02 16:45:00,T2,101,267,1184,156,2
2026-01-02 16:50:00,T6,603,240,597,194,8
2026-01-02 16:55:00,T10,482,294,262,127,9
2026-01-02 17:00:00,T4,202,223,642,51,5
2026-01-02 17:05:00,T2,445,101,507,148,14
2026-01-02 17:10:00,T9,480,175,595,118,3
2026-01-02 17:15:00,T9,165,115,397,84,18
2026-01-02 17:20:00,T1,228,83,170,8,17
2026-01-02 17:25:00,T9,164,218,529,200,18
2026-01-02 17:30:00,T10,671,228,1016,46,5
2026-01-02 17:35:00,T1,190,151,353,100,7
2026-01-02 17:40:00,T8,542,145,937,206,6
2026-01-02 17:45:00,T1,563,171,253,152,9
2026-01-02 17:50:00,T8,463,251,880,19,6
2026-01-02 17:55:00,T7,425,250,640,155,0
2026-01-02 18:00:00,T5,26,171,603,58,16
2026-01-02 18:05:00,T5,102,207,509,195,2
2026-01-02 18:10:00,T8,194,117,180,199,16
2026-01-02 18:15:00,T2,650,73,762,186,19
2026-01-02 18:20:00,T5,468,77,647,203,15
2026-01-02 18:25:00,T8,455,113,203,77,13
2026-01-02 18:30:00,T2,631,236,351,44,4
2026-01-02 18:35:00,T5,383,212,1188,71,13
2026-01-02 18:40:00,T6,699,217,569,216,12
2026-01-02 18:45:00,T10,108,241,376,103,20
2026-01-02 18:50:00,T7,494,204,533,116,11
2026-01-02 18:55:00,T9,588,57,206,34,14
2026-01-02 19:00:00,T8,214,173,913,100,16
2026-01-02 19:05:00,T7,269,59,232,106,14
2026-01-02 19:10:00,T6,675,286,329,76,10
2026-01-02 19:15:00,T3,679,241,1113,174,3
2026-01-02 19:20:00,T8,27,61,609,115,13
2026-01-02 19:25:00,T8,287,238,273,161,6
2026-01-02 19:30:00,T2,635,104,675,7,7
2026-01-02 19:35:00,T5,524,206,254,7,6
2026-01-02 19:40:00,T4,667,186,286,171,12
2026-01-02 19:45:00,T3,509,300,66,226,18
2026-01-02 19:50:00,T6,267,48,540,42,9
2026-01-02 19:55:00,T4,263,230,1067,37,12
2026-01-02 20:00:00,T10,240,177,263,47,13
2026-01-02 20:05:00,T6,661,48,577,5,13
2026-01-02 20:10:00,T3,510,181,738,131,4
2026-01-02 20:15:00,T9,606,193,614,70,15
2026-01-02 20:20:00,T5,700,91,813,118,18
2026-01-02 20:25:00,T4,460,37,684,231,2
2026-01-02 20:30:00,T2,68,173,85,124,6
2026-01-02 20:35:00,T9,609,233,1124,21,13
2026-01-02 20:40:00,T7,594,287,781,208,0
2026-01-02 20:45:00,T10,654,38,153,244,19
2026-01-02 20:50:00,T8,618,245,1023,76,0
2026-01-02 20:55:00,T4,659,180,444,210,2
2026-01-02 21:00:00,T5,645,211,669,139,4
2026-01-02 21:05:00,T10,80,12,575,237,11
2026-01-02 21:10:00,T1,667,196,426,241,11
2026-01-02 21:15:00,T8,431,67,835,36,14
2026-01-02 21:20:00,T4,180,75,851,29,4
2026-01-02 21:25:00,T10,39,297,115,240,17
2026-01-02 21:30:00,T4,450,268,122,172,0
2026-01-02 21:35:00,T10,346,53,1010,19,11
2026-01-02 21:40:00,T9,645,242,603,22,15
2026-01-02 21:45:00,T2,596,32,564,162,9
2026-01-02 21:50:00,T5,588,21,1111,238,13
2026-01-02 21:55:00,T6,509,17,876,46,12
2026-01-02 22:00:00,T3,447,155,881,5,16
2026-01-02 22:05:00,T8,481,297,888,177,10
2026-01-02 22:10:00,T5,592,47,353,174,11
2026-01-02 22:15:00,T8,672,90,1113,194,14
2026-01-02 22:20:00,T7,467,35,1010,44,16
2026-01-02 22:25:00,T8,441,15,959,86,15
2026-01-02 22:30:00,T9,333,226,215,90,3
2026-01-02 22:35:00,T5,502,257,1034,110,12
2026-01-02 22:40:00,T9,400,178,1158,86,15
2026-01-02 22:45:00,T5,323,282,998,183,14
2026-01-02 22:50:00,T7,315,61,431,177,0
2026-01-02 22:55:00,T8,647,95,115,140,3
2026-01-02 23:00:00,T6,63,223,204,199,20
2026-01-02 23:05:00,T4,267,271,94,123,2
2026-01-02 23:10:00,T2,445,223,793,149,13
2026-01-02 23:15:00,T3,361,276,145,205,14
2026-01-02 23:20:00,T5,305,106,1129,219,2
2026-01-02 23:25:00,T3,224,262,235,78,17
2026-01-02 23:30:00,T10,376,45,193,132,16
2026-01-02 23:35:00,T8,149,170,886,16,13
2026-01-02 23:40:00,T1,470,167,471,98,14
2026-01-02 23:45:00,T8,404,183,336,200,19
2026-01-02 23:50:00,T3,291,179,1041,200,14
2026-01-02 23:55:00,T6,173,85,399,182,7
2026-01-03 00:00:00,T4,487,285,1157,93,11
2026-01-03 00:05:00,T7,657,45,325,118,1
2026-01-03 00:10:00,T5,298,80,252,47,17
2026-01-03 00:15:00,T1,472,233,115,41,1
2026-01-03 00:20:00,T3,62,131,329,184,11
2026-01-03 00:25:00,T3,567,297,770,243,16
2026-01-03 00:30:00,T1,35,252,1049,185,0
2026-01-03 00:35:00,T8,455,71,86,152,0
2026-01-03 00:40:00,T9,633,228,301,52,3
2026-01-03 00:45:00,T8,520,113,1095,229,6
2026-01-03 00:50:00,T9,584,252,817,95,9
2026-01-03 00:55:00,T5,405,283,1037,119,15
2026-01-03 01:00:00,T1,497,60,733,144,1
2026-01-03 01:05:00,T5,635,167,319,101,11
2026-01-03 01:10:00,T9,306,210,78,37,17
2026-01-03 01:15:00,T10,316,271,393,81,9
2026-01-03 01:20:00,T4,59,292,909,229,8
2026-01-03 01:25:00,T5,166,117,413,97,12
2026-01-03 01:30:00,T3,500,34,552,246,20
2026-01-03 01:35:00,T10,121,71,316,96,20
2026-01-03 01:40:00,T2,259,117,64,155,4
2026-01-03 01:45:00,T8,656,292,1005,28,9
2026-01-03 01:50:00,T3,115,223,596,5,16
2026-01-03 01:55:00,T2,146,250,436,48,2
2026-01-03 02:00:00,T10,62,81,546,52,7
2026-01-03 02:05:00,T10,405,239,994,84,17
2026-01-03 02:10:00,T10,152,42,1157,55,15
2026-01-03 02:15:00,T2,262,296,797,26,18
2026-01-03 02:20:00,T1,653,253,166,222,15
2026-01-03 02:25:00,T3,249,232,850,239,15
2026-01-03 02:30:00,T7,558,209,990,172,17
2026-01-03 02:35:00,T1,143,229,141,249,6
2026-01-03 02:40:00,T2,574,28,945,187,9
2026-01-03 02:45:00,T9,452,105,279,20,13
2026-01-03 02:50:00,T10,680,137,718,58,12
2026-01-03 02:55:00,T1,411,287,437,107,1
2026-01-03 03:00:00,T9,143,252,610,76,14
2026-01-03 03:05:00,T8,660,158,498,213,6
2026-01-03 03:10:00,T5,642,12,209,99,1
2026-01-03 03:15:00,T7,481,143,482,158,7
2026-01-03 03:20:00,T10,161,111,500,119,5
2026-01-03 03:25:00,T10,543,226,1095,126,0
2026-01-03 03:30:00,T8,235,139,270,27,18
2026-01-03 03:35:00,T5,235,118,557,185,20
2026-01-03 03:40:00,T5,265,173,298,166,18
2026-01-03 03:45:00,T5,465,48,1200,128,4
2026-01-03 03:50:00,T6,183,114,953,155,13
2026-01-03 03:55:00,T8,407,144,186,67,1
2026-01-03 04:00:00,T10,196,62,86,168,6
2026-01-03 04:05:00,T5,403,33,364,159,20
2026-01-03 04:10:00,T9,220,285,528,77,9
2026-01-03 04:15:00,T9,362,287,57,40,2
2026-01-03 04:20:00,T2,69,115,353,16,3
2026-01-03 04:25:00,T1,350,262,178,23,4
2026-01-03 04:30:00,T1,28,169,408,154,14
2026-01-03 04:35:00,T7,478,269,514,181,8
2026-01-03 04:40:00,T6,326,118,153,219,9
2026-01-03 04:45:00,T6,596,11,1192,201,4
2026-01-03 04:50:00,T5,475,11,1008,145,4
2026-01-03 04:55:00,T4,71,199,830,109,15
2026-01-03 05:00:00,T1,23,295,54,245,18
2026-01-03 05:05:00,T3,275,221,245,149,15
2026-01-03 05:10:00,T3,636,105,745,107,14
2026-01-03 05:15:00,T7,319,289,276,138,17
2026-01-03 05:20:00,T2,601,138,1048,237,20
2026-01-03 05:25:00,T8,442,226,441,240,15
2026-01-03 05:30:00,T5,251,132,648,50,6
2026-01-03 05:35:00,T3,97,48,1071,65,3
2026-01-03 05:40:00,T9,380,236,69,117,14
2026-01-03 05:45:00,T7,504,49,280,179,15
2026-01-03 05:50:00,T5,679,282,1066,90,0
2026-01-03 05:55:00,T4,609,216,624,94,19
2026-01-03 06:00:00,T9,401,205,335,163,15
2026-01-03 06:05:00,T1,632,23,1027,146,18
2026-01-03 06:10:00,T7,325,158,214,200,8
2026-01-03 06:15:00,T4,216,107,382,156,15
2026-01-03 06:20:00,T10,485,280,1118,134,4
2026-01-03 06:25:00,T3,89,108,1081,48,19
2026-01-03 06:30:00,T6,543,276,899,179,10
2026-01-03 06:35:00,T3,630,242,997,22,3
2026-01-03 06:40:00,T10,149,182,803,69,20
2026-01-03 06:45:00,T7,263,12,409,38,3
2026-01-03 06:50:00,T3,631,137,528,120,18
2026-01-03 06:55:00,T3,622,13,537,222,2
2026-01-03 07:00:00,T9,645,227,330,131,9
2026-01-03 07:05:00,T7,658,165,772,156,6
2026-01-03 07:10:00,T4,621,178,228,80,13
2026-01-03 07:15:00,T3,38,86,218,86,8
2026-01-03 07:20:00,T5,216,276,304,48,0
2026-01-03 07:25:00,T1,350,256,383,153,7
2026-01-03 07:30:00,T1,417,250,61,110,11
2026-01-03 07:35:00,T2,652,46,747,173,0
2026-01-03 07:40:00,T2,628,182,1036,198,18
2026-01-03 07:45:00,T1,342,195,887,15,5
2026-01-03 07:50:00,T5,312,283,55,5,11
2026-01-03 07:55:00,T8,20,144,494,182,5
2026-01-03 08:00:00,T3,515,266,173,35,16
2026-01-03 08:05:00,T4,545,146,809,220,1
2026-01-03 08:10:00,T4,691,218,843,202,10
2026-01-03 08:15:00,T9,141,184,537,27,20
2026-01-03 08:20:00,T4,550,247,965,41,6
2026-01-03 08:25:00,T8,160,151,301,29,13
2026-01-03 08:30:00,T3,149,271,295,205,10
2026-01-03 08:35:00,T5,526,266,916,173,20
2026-01-03 08:40:00,T2,82,279,1184,11,13
2026-01-03 08:45:00,T10,282,14,1122,25,20
2026-01-03 08:50:00,T9,273,33,571,159,10
2026-01-03 08:55:00,T2,443,60,735,147,0
2026-01-03 09:00:00,T5,194,59,427,169,1
2026-01-03 09:05:00,T5,300,99,982,92,9
2026-01-03 09:10:00,T6,629,35,1027,154,7
2026-01-03 09:15:00,T6,690,117,217,143,20
2026-01-03 09:20:00,T8,487,176,1005,22,3
2026-01-03 09:25:00,T8,502,219,742,14,10
2026-01-03 09:30:00,T10,69,234,163,62,12
2026-01-03 09:35:00,T3,654,252,524,127,16
2026-01-03 09:40:00,T2,86,273,632,110,5
2026-01-03 09:45:00,T3,655,91,1123,65,17
2026-01-03 09:50:00,T4,565,102,52,218,3
2026-01-03 09:55:00,T7,522,137,92,18,11
2026-01-03 10:00:00,T6,202,250,281,27,4
2026-01-03 10:05:00,T10,363,173,184,96,12
2026-01-03 10:10:00,T1,499,285,170,50,18
2026-01-03 10:15:00,T6,505,192,1088,237,4
2026-01-03 10:20:00,T6,660,26,1144,212,17
2026-01-03 10:25:00,T9,609,84,981,50,19
2026-01-03 10:30:00,T2,189,170,726,110,9
2026-01-03 10:35:00,T2,421,156,239,93,9
2026-01-03 10:40:00,T5,114,246,598,18,2
2026-01-03 10:45:00,T9,147,118,68,10,5
2026-01-03 10:50:00,T10,99,206,151,236,3
2026-01-03 10:55:00,T7,595,121,379,180,3
2026-01-03 11:00:00,T1,579,176,305,159,17
2026-01-03 11:05:00,T6,430,232,1005,250,10
2026-01-03 11:10:00,T1,527,160,697,183,19
2026-01-03 11:15:00,T2,161,12,437,193,14
2026-01-03 11:20:00,T2,272,235,747,172,14
2026-01-03 11:25:00,T9,621,193,289,77,7
2026-01-03 11:30:00,T7,503,81,219,91,8
2026-01-03 11:35:00,T4,139,291,837,223,4
2026-01-03 11:40:00,T8,478,23,382,108,5
2026-01-03 11:45:00,T2,465,120,417,76,9
2026-01-03 11:50:00,T5,179,293,1084,28,18
2026-01-03 11:55:00,T2,574,159,761,183,9
2026-01-03 12:00:00,T2,571,189,234,146,19
2026-01-03 12:05:00,T1,441,187,1032,78,2
2026-01-03 12:10:00,T4,599,32,480,88,2
2026-01-03 12:15:00,T8,279,58,127,38,7
2026-01-03 12:20:00,T7,404,91,189,150,9
2026-01-03 12:25:00,T7,87,220,483,6,10
2026-01-03 12:30:00,T2,63,100,401,187,14
2026-01-03 12:35:00,T9,289,181,1018,231,17
2026-01-03 12:40:00,T10,484,33,1089,121,3
2026-01-03 12:45:00,T6,674,30,89,233,14
2026-01-03 12:50:00,T10,119,130,113,120,13
2026-01-03 12:55:00,T2,387,195,212,130,8
2026-01-03 13:00:00,T10,508,79,873,173,13
2026-01-03 13:05:00,T9,281,12,915,216,6
2026-01-03 13:10:00,T7,42,249,1020,48,0
2026-01-03 13:15:00,T6,665,72,649,8,5
2026-01-03 13:20:00,T8,243,209,672,244,17
2026-01-03 13:25:00,T4,341,206,134,54,12
2026-01-03 13:30:00,T10,194,148,827,236,14
2026-01-03 13:35:00,T6,547,185,70,140,11
2026-01-03 13:40:00,T1,87,166,64,194,6
2026-01-03 13:45:00,T8,494,49,147,235,20
2026-01-03 13:50:00,T2,609,189,851,224,17
2026-01-03 13:55:00,T9,234,152,761,197,3
2026-01-03 14:00:00,T5,264,139,754,39,13
2026-01-03 14:05:00,T2,160,181,359,229,9
2026-01-03 14:10:00,T6,175,205,728,112,2
2026-01-03 14:15:00,T8,135,279,1041,213,5
2026-01-03 14:20:00,T6,48,278,1105,15,9
2026-01-03 14:25:00,T5,658,22,498,166,7
2026-01-03 14:30:00,T9,355,208,407,250,9
2026-01-03 14:35:00,T4,621,46,452,146,18
2026-01-03 14:40:00,T8,125,180,586,95,10
2026-01-03 14:45:00,T8,564,192,873,220,15
2026-01-03 14:50:00,T7,37,14,263,114,2
2026-01-03 14:55:00,T5,155,245,573,105,4
2026-01-03 15:00:00,T9,42,102,1022,187,12
2026-01-03 15:05:00,T9,524,231,749,211,5
2026-01-03 15:10:00,T8,221,256,210,78,11
2026-01-03 15:15:00,T9,566,62,322,206,17
2026-01-03 15:20:00,T9,582,65,452,44,9
2026-01-03 15:25:00,T7,340,22,685,179,20
2026-01-03 15:30:00,T7,557,76,763,174,10
2026-01-03 15:35:00,T10,577,23,1056,243,6
2026-01-03 15:40:00,T5,358,190,700,104,17
2026-01-03 15:45:00,T4,34,277,1017,53,5
2026-01-03 15:50:00,T4,119,248,388,44,0
2026-01-03 15:55:00,T1,696,180,725,186,20
2026-01-03 16:00:00,T9,62,201,352,86,14
2026-01-03 16:05:00,T7,161,217,1094,152,14
2026-01-03 16:10:00,T4,205,123,1098,223,17
2026-01-03 16:15:00,T9,214,65,1144,33,2
2026-01-03 16:20:00,T2,483,117,402,207,9
2026-01-03 16:25:00,T2,573,172,712,38,7
2026-01-03 16:30:00,T1,92,251,875,181,3
2026-01-03 16:35:00,T10,657,274,1178,145,19
2026-01-03 16:40:00,T4,551,220,944,195,14
2026-01-03 16:45:00,T9,527,257,1089,90,3
2026-01-03 16:50:00,T10,200,102,394,219,11
2026-01-03 16:55:00,T7,108,245,136,30,16
2026-01-03 17:00:00,T5,578,44,600,113,9
2026-01-03 17:05:00,T4,388,219,241,125,13
2026-01-03 17:10:00,T4,630,52,628,226,9
2026-01-03 17:15:00,T2,175,127,1011,86,2
2026-01-03 17:20:00,T9,544,165,905,7,12
2026-01-03 17:25:00,T7,561,192,74,88,7
2026-01-03 17:30:00,T3,267,164,695,12,6
2026-01-03 17:35:00,T1,270,177,487,141,3
2026-01-03 17:40:00,T9,131,281,773,116,9
2026-01-03 17:45:00,T7,249,259,635,70,20
2026-01-03 17:50:00,T8,623,79,120,35,16
2026-01-03 17:55:00,T8,389,216,727,214,9
2026-01-03 18:00:00,T4,470,59,181,152,17
2026-01-03 18:05:00,T2,462,149,704,37,18
2026-01-03 18:10:00,T4,109,208,765,15,13
2026-01-03 18:15:00,T7,637,172,1110,249,16
2026-01-03 18:20:00,T4,37,153,1152,15,19
2026-01-03 18:25:00,T5,457,90,323,107,2
2026-01-03 18:30:00,T6,274,174,208,57,6
2026-01-03 18:35:00,T2,689,151,209,189,7
2026-01-03 18:40:00,T6,255,261,1082,123,17
2026-01-03 18:45:00,T8,409,241,761,187,8
2026-01-03 18:50:00,T6,583,193,776,238,9
2026-01-03 18:55:00,T3,543,207,798,110,12
2026-01-03 19:00:00,T4,457,211,1046,114,8
2026-01-03 19:05:00,T7,31,111,778,14,2
2026-01-03 19:10:00,T1,574,290,689,180,11
2026-01-03 19:15:00,T8,379,178,593,26,0
2026-01-03 19:20:00,T10,491,225,368,183,10
2026-01-03 19:25:00,T1,195,151,616,187,16
2026-01-03 19:30:00,T10,477,55,426,133,20
2026-01-03 19:35:00,T1,75,138,471,170,9
2026-01-03 19:40:00,T9,151,255,682,207,19
2026-01-03 19:45:00,T10,635,128,1001,110,17
2026-01-03 19:50:00,T8,199,234,61,15,11
2026-01-03 19:55:00,T2,165,231,727,123,4
2026-01-03 20:00:00,T10,159,197,926,6,8
2026-01-03 20:05:00,T8,214,115,963,156,4
2026-01-03 20:10:00,T2,482,118,1058,217,5
2026-01-03 20:15:00,T4,180,78,579,23,2
2026-01-03 20:20:00,T6,462,115,419,227,8
2026-01-03 20:25:00,T4,478,57,1169,130,19
2026-01-03 20:30:00,T10,187,289,645,151,8
2026-01-03 20:35:00,T3,328,299,525,134,10
2026-01-03 20:40:00,T8,359,200,880,9,17
2026-01-03 20:45:00,T5,208,250,437,192,10
2026-01-03 20:50:00,T9,81,224,178,16,6
2026-01-03 20:55:00,T3,330,201,885,33,14
2026-01-03 21:00:00,T2,558,159,302,111,8
2026-01-03 21:05:00,T9,415,255,632,89,9
2026-01-03 21:10:00,T3,292,250,535,247,9
2026-01-03 21:15:00,T3,271,98,632,59,15
2026-01-03 21:20:00,T6,306,298,731,124,13
2026-01-03 21:25:00,T9,515,175,478,244,5
2026-01-03 21:30:00,T2,604,40,518,5,18
2026-01-03 21:35:00,T5,161,213,622,27,11
2026-01-03 21:40:00,T10,74,264,902,87,0
2026-01-03 21:45:00,T2,630,152,880,139,5
2026-01-03 21:50:00,T6,250,111,110,105,4
2026-01-03 21:55:00,T10,514,16,1103,39,7
2026-01-03 22:00:00,T6,339,267,303,137,19
2026-01-03 22:05:00,T4,656,37,1166,88,14
2026-01-03 22:10:00,T6,559,202,506,165,16
2026-01-03 22:15:00,T2,456,111,290,152,7
2026-01-03 22:20:00,T3,297,85,1011,93,14
2026-01-03 22:25:00,T3,463,236,1057,126,4
2026-01-03 22:30:00,T10,120,145,475,89,19
2026-01-03 22:35:00,T8,453,268,960,144,16
2026-01-03 22:40:00,T4,528,25,383,24,17
2026-01-03 22:45:00,T2,211,264,741,249,1
2026-01-03 22:50:00,T6,431,119,973,132,3
2026-01-03 22:55:00,T4,481,267,612,114,12
2026-01-03 23:00:00,T1,561,38,811,130,3
2026-01-03 23:05:00,T5,121,252,315,207,4
2026-01-03 23:10:00,T4,547,214,642,50,15
2026-01-03 23:15:00,T3,373,287,401,239,12
2026-01-03 23:20:00,T9,258,183,423,17,16
2026-01-03 23:25:00,T9,627,211,881,85,19
2026-01-03 23:30:00,T1,219,296,188,179,12
2026-01-03 23:35:00,T10,559,136,543,50,13
2026-01-03 23:40:00,T10,235,101,599,10,19
2026-01-03 23:45:00,T4,558,49,1162,28,2
2026-01-03 23:50:00,T5,678,107,364,226,19
2026-01-03 23:55:00,T8,378,30,349,221,0
2026-01-04 00:00:00,T7,178,31,978,103,8
2026-01-04 00:05:00,T9,274,14,280,44,2
2026-01-04 00:10:00,T2,237,278,976,86,7
2026-01-04 00:15:00,T3,270,294,731,92,16
2026-01-04 00:20:00,T7,522,245,638,249,10
2026-01-04 00:25:00,T4,285,219,825,32,14
2026-01-04 00:30:00,T5,348,166,1008,237,11
2026-01-04 00:35:00,T3,343,213,1098,245,11
2026-01-04 00:40:00,T6,197,68,927,171,18
2026-01-04 00:45:00,T6,654,136,727,101,19
2026-01-04 00:50:00,T10,81,144,1164,27,4
2026-01-04 00:55:00,T4,530,214,896,36,19
2026-01-04 01:00:00,T4,411,169,916,77,0
2026-01-04 01:05:00,T10,551,273,298,12,17
2026-01-04 01:10:00,T5,458,81,774,93,8
2026-01-04 01:15:00,T3,680,294,446,183,13
2026-01-04 01:20:00,T5,194,228,582,213,20
2026-01-04 01:25:00,T4,477,85,125,121,5
2026-01-04 01:30:00,T8,476,214,801,150,6
2026-01-04 01:35:00,T1,146,30,938,202,20
2026-01-04 01:40:00,T4,274,88,359,219,0
2026-01-04 01:45:00,T10,412,185,618,51,6
2026-01-04 01:50:00,T3,364,147,722,172,19
2026-01-04 01:55:00,T8,99,77,543,166,9
2026-01-04 02:00:00,T4,83,210,368,154,18
2026-01-04 02:05:00,T1,693,156,639,126,0
2026-01-04 02:10:00,T9,96,261,490,216,11
2026-01-04 02:15:00,T2,67,88,396,149,14
2026-01-04 02:20:00,T8,563,209,976,233,20
2026-01-04 02:25:00,T7,101,233,917,104,11
2026-01-04 02:30:00,T7,248,296,1021,62,4
2026-01-04 02:35:00,T10,657,135,369,55,16
2026-01-04 02:40:00,T7,164,68,1005,92,8
2026-01-04 02:45:00,T10,609,135,235,17,18
2026-01-04 02:50:00,T2,204,140,936,140,17
2026-01-04 02:55:00,T4,238,13,285,85,19
2026-01-04 03:00:00,T10,218,16,592,156,14
2026-01-04 03:05:00,T1,270,13,675,130,0
2026-01-04 03:10:00,T6,425,106,1048,185,0
2026-01-04 03:15:00,T6,250,142,864,125,18
2026-01-04 03:20:00,T4,566,231,471,66,11
2026-01-04 03:25:00,T10,537,132,129,23,20
2026-01-04 03:30:00,T9,672,129,1033,38,7
2026-01-04 03:35:00,T9,281,127,1108,195,2
2026-01-04 03:40:00,T5,468,30,1140,82,11
2026-01-04 03:45:00,T2,226,108,124,99,13
2026-01-04 03:50:00,T8,70,253,1163,134,13
2026-01-04 03:55:00,T10,452,25,1186,203,17
2026-01-04 04:00:00,T3,657,110,270,68,2
2026-01-04 04:05:00,T1,86,226,993,246,4
2026-01-04 04:10:00,T5,315,95,1012,77,13
2026-01-04 04:15:00,T3,244,136,825,137,3
2026-01-04 04:20:00,T10,471,155,1036,206,1
2026-01-04 04:25:00,T1,550,144,1042,14,14
2026-01-04 04:30:00,T10,258,109,1196,92,7
2026-01-04 04:35:00,T10,314,204,622,222,4
2026-01-04 04:40:00,T5,182,215,1071,29,17
2026-01-04 04:45:00,T6,94,42,448,221,8
2026-01-04 04:50:00,T5,548,57,1129,161,11
2026-01-04 04:55:00,T3,374,30,838,14,6
2026-01-04 05:00:00,T3,188,203,1187,198,3
2026-01-04 05:05:00,T9,80,171,262,187,13
2026-01-04 05:10:00,T7,506,16,764,192,17
2026-01-04 05:15:00,T8,681,92,781,168,1
2026-01-04 05:20:00,T1,175,67,194,191,9
2026-01-04 05:25:00,T4,405,218,197,113,19
2026-01-04 05:30:00,T9,326,50,1099,187,2
2026-01-04 05:35:00,T7,217,41,296,156,19
2026-01-04 05:40:00,T5,86,243,314,167,17
2026-01-04 05:45:00,T7,481,24,953,127,10
2026-01-04 05:50:00,T2,42,191,382,175,19
2026-01-04 05:55:00,T2,537,38,652,124,20
2026-01-04 06:00:00,T10,350,124,908,211,18
2026-01-04 06:05:00,T7,26,165,1103,129,17
2026-01-04 06:10:00,T9,476,21,336,167,8
2026-01-04 06:15:00,T8,302,55,158,161,13
2026-01-04 06:20:00,T2,192,76,147,175,16
2026-01-04 06:25:00,T4,140,31,718,95,7
2026-01-04 06:30:00,T10,181,220,1013,104,14
2026-01-04 06:35:00,T4,383,203,286,84,2
2026-01-04 06:40:00,T7,520,15,1165,208,4
2026-01-04 06:45:00,T2,355,21,1110,244,18
2026-01-04 06:50:00,T2,415,94,310,131,11
2026-01-04 06:55:00,T1,649,275,790,95,3
2026-01-04 07:00:00,T3,435,198,535,90,4
2026-01-04 07:05:00,T2,446,96,869,103,11
2026-01-04 07:10:00,T10,507,149,1011,243,11
2026-01-04 07:15:00,T2,156,285,160,83,4
2026-01-04 07:20:00,T6,309,18,596,249,4
2026-01-04 07:25:00,T10,47,130,675,182,10
2026-01-04 07:30:00,T9,546,25,84,56,0
2026-01-04 07:35:00,T10,272,251,361,87,3
2026-01-04 07:40:00,T3,164,64,338,229,19
2026-01-04 07:45:00,T7,618,189,1142,192,2
2026-01-04 07:50:00,T1,209,221,963,229,3
2026-01-04 07:55:00,T10,492,10,241,104,8
2026-01-04 08:00:00,T1,504,202,359,124,13
2026-01-04 08:05:00,T4,34,135,472,234,20
2026-01-04 08:10:00,T6,39,134,949,106,9
2026-01-04 08:15:00,T7,449,147,513,50,19
2026-01-04 08:20:00,T3,255,196,114,161,8
2026-01-04 08:25:00,T1,523,123,382,6,16
2026-01-04 08:30:00,T7,80,237,115,24,4
2026-01-04 08:35:00,T2,30,109,984,187,7
2026-01-04 08:40:00,T2,422,234,922,130,17
2026-01-04 08:45:00,T4,238,141,303,47,17
2026-01-04 08:50:00,T9,245,99,224,66,2
2026-01-04 08:55:00,T4,629,89,843,162,11
2026-01-04 09:00:00,T9,372,218,291,189,12
2026-01-04 09:05:00,T3,423,84,573,25,8
2026-01-04 09:10:00,T4,440,300,769,236,5
2026-01-04 09:15:00,T9,380,268,483,105,15
2026-01-04 09:20:00,T3,163,235,1163,154,12
2026-01-04 09:25:00,T6,695,55,80,209,13
2026-01-04 09:30:00,T1,20,216,283,104,0
2026-01-04 09:35:00,T8,263,36,980,88,2
2026-01-04 09:40:00,T2,690,139,564,25,7
2026-01-04 09:45:00,T10,86,141,155,111,13
2026-01-04 09:50:00,T1,381,47,948,121,12
2026-01-04 09:55:00,T5,428,70,1144,108,10
2026-01-04 10:00:00,T7,348,21,603,186,1
2026-01-04 10:05:00,T6,56,53,412,241,10
2026-01-04 10:10:00,T1,162,232,432,16,4
2026-01-04 10:15:00,T3,471,115,716,40,8
2026-01-04 10:20:00,T7,191,59,1198,150,13
2026-01-04 10:25:00,T9,186,153,363,221,12
2026-01-04 10:30:00,T4,475,29,259,66,12
2026-01-04 10:35:00,T3,577,241,924,210,18
2026-01-04 10:40:00,T1,263,49,950,182,12
2026-01-04 10:45:00,T1,205,100,670,140,8
2026-01-04 10:50:00,T3,23,277,164,140,13
2026-01-04 10:55:00,T3,676,109,330,154,20
2026-01-04 11:00:00,T3,630,154,415,201,18
2026-01-04 11:05:00,T5,575,184,430,141,19
2026-01-04 11:10:00,T7,601,108,1106,154,13
2026-01-04 11:15:00,T9,174,270,323,244,1
