timestamp,edge_id,cpu_pct,gpu_pct,memory_pct,requests_per_min,latency_ms
2026-01-01 00:00:00,E1,50.5,31.65,76.16,3614,9.26
2026-01-01 00:05:00,E4,85.13,13.18,29.44,7805,10.42
2026-01-01 00:10:00,E4,35.42,34.55,23.86,3076,7.92
2026-01-01 00:15:00,E4,65.73,44.28,45.17,4009,11.23
2026-01-01 00:20:00,E2,23.42,45.4,15.88,4510,8.34
2026-01-01 00:25:00,E2,83.0,40.78,68.21,7213,11.45
2026-01-01 00:30:00,E1,22.85,7.11,63.22,4242,8.4
2026-01-01 00:35:00,E3,97.83,34.49,60.82,2136,10.8
2026-01-01 00:40:00,E3,83.68,52.27,94.62,7571,9.88
2026-01-01 00:45:00,E3,46.69,5.58,71.06,842,6.93
2026-01-01 00:50:00,E2,12.35,95.38,50.79,1957,7.15
2026-01-01 00:55:00,E2,96.29,21.09,25.15,3970,10.1
2026-01-01 01:00:00,E2,22.01,83.72,67.38,4568,5.62
2026-01-01 01:05:00,E2,82.57,59.28,87.61,6762,8.89
2026-01-01 01:10:00,E4,90.79,20.03,73.96,4406,12.25
2026-01-01 01:15:00,E4,50.26,44.93,53.04,2035,8.78
2026-01-01 01:20:00,E2,76.72,9.91,26.8,1415,9.31
2026-01-01 01:25:00,E4,76.48,94.8,19.94,4027,11.01
2026-01-01 01:30:00,E3,28.48,74.01,43.1,1304,8.73
2026-01-01 01:35:00,E1,97.07,13.85,21.86,3284,12.01
2026-01-01 01:40:00,E1,50.1,59.09,56.28,4761,9.45
2026-01-01 01:45:00,E1,94.14,70.65,77.11,2857,9.48
2026-01-01 01:50:00,E3,84.12,55.82,93.27,2889,9.34
2026-01-01 01:55:00,E2,28.33,53.78,20.52,561,8.24
2026-01-01 02:00:00,E2,49.52,54.1,47.72,294,7.75
2026-01-01 02:05:00,E4,70.78,7.52,33.4,2035,9.08
2026-01-01 02:10:00,E2,73.64,30.79,66.25,2161,9.91
2026-01-01 02:15:00,E2,78.33,98.65,24.18,2874,12.2
2026-01-01 02:20:00,E4,10.94,86.83,11.73,5300,4.5
2026-01-01 02:25:00,E3,51.64,45.16,97.57,2599,8.67
2026-01-01 02:30:00,E1,74.09,15.36,31.21,1125,9.21
2026-01-01 02:35:00,E4,88.01,44.77,64.55,7081,10.1
2026-01-01 02:40:00,E1,93.72,14.34,90.78,1020,10.37
2026-01-01 02:45:00,E4,44.65,85.49,90.73,1020,7.55
2026-01-01 02:50:00,E3,93.15,48.79,24.09,6122,10.7
2026-01-01 02:55:00,E2,85.31,57.84,44.13,2920,10.37
2026-01-01 03:00:00,E4,61.54,61.71,60.17,3397,8.69
2026-01-01 03:05:00,E3,46.03,50.32,44.14,3041,8.39
2026-01-01 03:10:00,E1,24.58,86.19,96.26,5647,8.29
2026-01-01 03:15:00,E4,33.21,39.66,27.76,3134,6.89
2026-01-01 03:20:00,E2,25.14,39.17,38.62,4903,6.15
2026-01-01 03:25:00,E4,79.38,91.33,70.45,3471,10.51
2026-01-01 03:30:00,E2,53.4,99.76,74.88,1479,10.16
2026-01-01 03:35:00,E2,65.64,9.94,59.21,1834,9.27
2026-01-01 03:40:00,E3,57.29,79.73,45.46,3246,6.89
2026-01-01 03:45:00,E4,32.76,81.39,41.32,7642,7.12
2026-01-01 03:50:00,E4,10.41,71.98,27.68,3246,5.57
2026-01-01 03:55:00,E1,52.98,5.91,43.82,7696,8.74
2026-01-01 04:00:00,E1,11.05,97.3,85.73,3526,6.08
2026-01-01 04:05:00,E4,87.28,23.98,19.04,5649,12.13
2026-01-01 04:10:00,E2,50.41,14.72,27.14,7811,9.19
2026-01-01 04:15:00,E3,45.54,78.13,83.77,4828,8.98
2026-01-01 04:20:00,E4,14.89,62.05,63.88,5855,6.92
2026-01-01 04:25:00,E3,94.81,32.0,18.54,2589,13.0
2026-01-01 04:30:00,E4,67.09,73.3,47.51,1630,11.03
2026-01-01 04:35:00,E3,85.77,65.02,94.78,1566,11.85
2026-01-01 04:40:00,E4,22.02,78.79,76.16,1959,6.01
2026-01-01 04:45:00,E1,57.69,15.9,22.46,4141,10.19
2026-01-01 04:50:00,E3,67.52,8.84,10.16,6195,8.1
2026-01-01 04:55:00,E1,56.89,77.85,47.6,5516,7.82
2026-01-01 05:00:00,E1,64.11,11.16,83.63,5292,8.37
2026-01-01 05:05:00,E2,40.22,47.74,42.73,6224,7.5
2026-01-01 05:10:00,E2,13.21,62.67,11.06,676,3.92
2026-01-01 05:15:00,E1,27.38,30.44,60.64,2159,6.96
2026-01-01 05:20:00,E1,64.59,89.87,93.42,361,11.09
2026-01-01 05:25:00,E1,89.31,5.26,60.48,432,11.62
2026-01-01 05:30:00,E4,10.23,52.12,49.35,6274,4.73
2026-01-01 05:35:00,E4,76.26,58.97,25.71,6896,10.75
2026-01-01 05:40:00,E4,59.89,58.71,70.58,208,8.86
2026-01-01 05:45:00,E3,47.75,7.71,13.17,4153,7.69
2026-01-01 05:50:00,E4,47.42,39.31,94.1,1845,8.73
2026-01-01 05:55:00,E3,72.34,79.86,86.06,7969,9.25
2026-01-01 06:00:00,E1,87.99,77.74,33.99,3129,11.09
2026-01-01 06:05:00,E4,36.56,61.41,19.36,6187,8.5
2026-01-01 06:10:00,E1,73.09,23.55,22.16,7387,11.69
2026-01-01 06:15:00,E1,33.69,54.8,92.99,1712,6.09
2026-01-01 06:20:00,E2,37.84,46.74,81.64,7228,7.93
2026-01-01 06:25:00,E3,74.61,12.75,30.26,6908,10.46
2026-01-01 06:30:00,E3,97.63,85.59,33.4,6870,13.02
2026-01-01 06:35:00,E2,79.56,73.0,82.11,3454,12.17
2026-01-01 06:40:00,E4,61.18,73.05,98.35,3858,9.77
2026-01-01 06:45:00,E2,34.13,27.0,84.63,3741,7.68
2026-01-01 06:50:00,E2,70.41,6.44,87.1,2444,10.7
2026-01-01 06:55:00,E2,95.68,22.07,47.7,5281,12.07
2026-01-01 07:00:00,E4,74.21,49.99,25.09,7930,11.47
2026-01-01 07:05:00,E3,50.08,86.14,25.76,5266,8.19
2026-01-01 07:10:00,E4,19.17,56.68,17.12,1534,5.89
2026-01-01 07:15:00,E2,51.07,84.84,49.14,3693,9.09
2026-01-01 07:20:00,E2,98.21,62.7,35.24,4512,10.61
2026-01-01 07:25:00,E1,73.0,18.45,67.61,6255,10.54
2026-01-01 07:30:00,E2,79.49,61.34,67.13,7711,9.01
2026-01-01 07:35:00,E2,23.39,8.58,55.01,2850,6.32
2026-01-01 07:40:00,E2,63.94,28.58,81.94,5434,10.66
2026-01-01 07:45:00,E3,38.88,31.07,24.43,3680,9.42
2026-01-01 07:50:00,E4,99.82,46.73,24.07,6985,12.76
2026-01-01 07:55:00,E4,14.87,33.82,69.71,1123,4.22
2026-01-01 08:00:00,E1,29.88,92.37,11.23,7876,5.23
2026-01-01 08:05:00,E4,40.0,52.77,87.17,1630,9.28
2026-01-01 08:10:00,E3,79.8,73.85,39.92,7646,8.9
2026-01-01 08:15:00,E4,77.16,43.05,79.64,6116,10.86
2026-01-01 08:20:00,E2,77.66,83.79,75.7,671,8.65
2026-01-01 08:25:00,E1,57.3,73.31,54.1,320,9.44
2026-01-01 08:30:00,E1,45.87,92.05,10.76,2892,8.39
2026-01-01 08:35:00,E1,22.6,14.55,59.46,1130,5.9
2026-01-01 08:40:00,E4,37.41,59.16,63.63,6719,8.28
2026-01-01 08:45:00,E4,47.72,98.5,38.04,4814,7.41
2026-01-01 08:50:00,E1,91.9,43.75,68.32,1426,10.94
2026-01-01 08:55:00,E3,74.4,5.96,17.48,5778,9.04
2026-01-01 09:00:00,E4,51.71,72.08,60.3,7015,8.01
2026-01-01 09:05:00,E4,58.87,71.28,66.75,2609,8.77
2026-01-01 09:10:00,E4,39.62,44.75,79.66,3978,8.82
2026-01-01 09:15:00,E2,90.2,54.12,35.72,2695,11.43
2026-01-01 09:20:00,E3,61.44,8.82,39.27,5825,9.24
2026-01-01 09:25:00,E3,61.7,39.0,45.23,6690,10.69
2026-01-01 09:30:00,E4,83.88,82.47,83.42,2611,9.84
2026-01-01 09:35:00,E4,97.59,33.61,81.25,4948,10.14
2026-01-01 09:40:00,E1,66.81,49.41,91.27,4128,8.86
2026-01-01 09:45:00,E3,68.52,52.73,43.44,7942,11.12
2026-01-01 09:50:00,E1,59.14,11.28,43.19,2516,10.3
2026-01-01 09:55:00,E4,61.58,29.92,62.24,4159,9.7
2026-01-01 10:00:00,E1,40.55,30.98,41.23,4358,8.65
2026-01-01 10:05:00,E3,11.9,41.43,93.23,3254,5.38
2026-01-01 10:10:00,E1,40.95,61.97,93.44,7935,7.42
2026-01-01 10:15:00,E2,59.25,30.45,53.29,289,7.91
2026-01-01 10:20:00,E2,66.5,93.01,19.83,6329,7.59
2026-01-01 10:25:00,E1,79.54,26.93,83.07,2539,10.08
2026-01-01 10:30:00,E1,70.69,22.33,27.93,5399,8.44
2026-01-01 10:35:00,E4,67.51,52.46,41.25,2295,8.77
2026-01-01 10:40:00,E1,11.83,29.84,21.33,4407,4.53
2026-01-01 10:45:00,E1,98.1,46.02,10.98,5786,12.62
2026-01-01 10:50:00,E3,63.92,20.34,92.24,4335,10.97
2026-01-01 10:55:00,E3,39.17,50.29,32.24,522,8.99
2026-01-01 11:00:00,E1,35.86,76.21,92.85,1143,8.88
2026-01-01 11:05:00,E3,83.86,7.24,86.89,2908,10.73
2026-01-01 11:10:00,E2,99.34,7.11,38.02,7323,11.62
2026-01-01 11:15:00,E1,26.56,20.56,34.13,7667,7.87
2026-01-01 11:20:00,E1,24.07,80.81,66.54,4644,8.2
2026-01-01 11:25:00,E4,56.47,35.17,23.49,986,9.15
2026-01-01 11:30:00,E3,68.09,69.37,58.63,4293,8.12
2026-01-01 11:35:00,E3,55.87,5.14,62.87,3344,9.92
2026-01-01 11:40:00,E4,11.82,49.98,53.19,6770,4.27
2026-01-01 11:45:00,E4,15.33,31.33,14.68,2028,4.6
2026-01-01 11:50:00,E1,78.2,16.98,15.73,3309,8.53
2026-01-01 11:55:00,E1,35.71,53.84,20.04,4676,6.98
2026-01-01 12:00:00,E4,17.05,85.59,43.96,6494,4.7
2026-01-01 12:05:00,E2,53.52,14.69,87.9,6654,9.46
2026-01-01 12:10:00,E1,70.03,81.2,84.4,5752,7.9
2026-01-01 12:15:00,E1,44.8,46.73,10.79,3747,7.5
2026-01-01 12:20:00,E4,20.38,48.31,24.38,4821,7.97
2026-01-01 12:25:00,E1,26.1,59.08,46.26,7570,7.75
2026-01-01 12:30:00,E2,85.81,70.27,87.27,3130,12.52
2026-01-01 12:35:00,E4,60.35,61.46,74.49,5068,8.64
2026-01-01 12:40:00,E2,63.98,77.23,28.83,4656,10.97
2026-01-01 12:45:00,E2,11.7,9.64,40.92,3803,6.15
2026-01-01 12:50:00,E2,74.7,14.65,79.49,6179,9.58
2026-01-01 12:55:00,E4,89.73,85.42,46.71,6864,12.64
2026-01-01 13:00:00,E3,33.62,89.75,30.16,6113,6.07
2026-01-01 13:05:00,E4,32.62,11.98,47.41,4983,6.27
2026-01-01 13:10:00,E3,45.44,51.62,94.86,244,8.98
2026-01-01 13:15:00,E2,15.77,25.61,43.93,6573,4.19
2026-01-01 13:20:00,E4,59.47,91.08,70.48,5697,7.28
2026-01-01 13:25:00,E2,30.16,86.11,74.83,7979,7.11
2026-01-01 13:30:00,E4,16.04,22.76,49.67,3440,6.44
2026-01-01 13:35:00,E2,31.39,31.08,10.8,1264,8.36
2026-01-01 13:40:00,E2,57.62,20.36,36.42,5171,10.39
2026-01-01 13:45:00,E1,59.61,39.92,78.35,3325,10.23
2026-01-01 13:50:00,E2,71.05,79.14,99.9,528,11.27
2026-01-01 13:55:00,E1,46.16,5.01,61.22,6666,8.68
2026-01-01 14:00:00,E2,90.66,39.81,27.19,7531,9.67
2026-01-01 14:05:00,E1,76.72,13.07,23.47,479,11.58
2026-01-01 14:10:00,E4,53.55,37.05,25.1,1599,8.11
2026-01-01 14:15:00,E2,92.24,91.46,80.88,7251,13.14
2026-01-01 14:20:00,E3,37.39,19.27,47.61,7237,7.58
2026-01-01 14:25:00,E3,17.54,54.53,31.81,2411,4.49
2026-01-01 14:30:00,E1,43.95,49.2,89.21,5220,8.13
2026-01-01 14:35:00,E3,56.08,86.94,90.14,746,9.32
2026-01-01 14:40:00,E2,95.44,45.45,60.62,6145,9.76
2026-01-01 14:45:00,E2,28.48,32.48,92.11,7491,5.46
2026-01-01 14:50:00,E2,15.24,52.08,27.84,6197,6.59
2026-01-01 14:55:00,E1,52.55,55.71,34.33,1137,9.54
2026-01-01 15:00:00,E3,56.12,8.99,18.21,2720,8.54
2026-01-01 15:05:00,E2,60.76,72.97,58.02,2619,9.42
2026-01-01 15:10:00,E4,36.75,33.75,49.65,4061,8.12
2026-01-01 15:15:00,E2,37.82,81.55,76.68,6366,6.78
2026-01-01 15:20:00,E4,16.63,27.96,52.69,818,4.47
2026-01-01 15:25:00,E1,45.22,64.13,64.22,504,6.16
2026-01-01 15:30:00,E1,87.02,19.06,47.44,5055,11.84
2026-01-01 15:35:00,E1,38.59,65.07,31.91,364,9.45
2026-01-01 15:40:00,E1,22.34,38.6,12.6,6949,5.99
2026-01-01 15:45:00,E1,23.01,54.02,54.78,6898,6.54
2026-01-01 15:50:00,E4,65.86,69.13,32.29,565,9.17
2026-01-01 15:55:00,E4,78.39,65.35,84.07,1475,8.63
2026-01-01 16:00:00,E3,37.98,97.01,31.02,7919,7.56
2026-01-01 16:05:00,E2,84.73,24.72,19.69,4823,11.61
2026-01-01 16:10:00,E2,18.13,50.99,38.31,438,6.3
2026-01-01 16:15:00,E1,12.73,9.32,86.12,189,4.35
2026-01-01 16:20:00,E1,62.84,64.29,81.9,7354,8.96
2026-01-01 16:25:00,E1,18.17,50.05,43.46,4453,8.12
2026-01-01 16:30:00,E4,45.78,74.9,15.13,2415,8.25
2026-01-01 16:35:00,E2,90.58,98.3,95.07,2865,10.59
2026-01-01 16:40:00,E2,49.7,9.63,96.16,3953,7.86
2026-01-01 16:45:00,E4,75.53,45.7,72.47,4896,11.37
2026-01-01 16:50:00,E3,39.98,93.52,75.83,5600,6.67
2026-01-01 16:55:00,E3,55.25,14.75,27.83,4285,10.65
2026-01-01 17:00:00,E2,33.72,36.34,40.74,2298,5.53
2026-01-01 17:05:00,E3,67.76,43.43,66.74,1080,8.34
2026-01-01 17:10:00,E1,14.99,14.83,31.15,3064,6.38
2026-01-01 17:15:00,E3,86.23,92.65,97.19,6924,10.73
2026-01-01 17:20:00,E3,24.33,43.7,76.02,1955,6.47
2026-01-01 17:25:00,E1,18.73,88.57,46.69,2767,8.2
2026-01-01 17:30:00,E1,70.53,78.02,39.1,7868,10.04
2026-01-01 17:35:00,E3,67.85,41.67,39.88,586,8.92
2026-01-01 17:40:00,E1,45.34,57.39,91.23,5280,8.9
2026-01-01 17:45:00,E3,41.19,42.6,67.49,2494,8.84
2026-01-01 17:50:00,E3,46.42,77.06,70.97,1370,9.34
2026-01-01 17:55:00,E4,94.12,94.88,25.73,7959,9.93
2026-01-01 18:00:00,E1,60.58,15.11,49.0,5161,7.19
2026-01-01 18:05:00,E1,39.12,6.44,74.09,4188,8.72
2026-01-01 18:10:00,E1,65.87,86.81,82.89,7803,10.35
2026-01-01 18:15:00,E2,14.31,24.11,34.9,6174,7.86
2026-01-01 18:20:00,E3,10.41,90.71,15.94,1483,4.46
2026-01-01 18:25:00,E2,93.02,54.58,87.4,4370,11.11
2026-01-01 18:30:00,E3,82.4,23.12,65.63,3412,9.4
2026-01-01 18:35:00,E4,36.84,15.96,50.85,4612,6.31
2026-01-01 18:40:00,E2,30.55,20.4,58.15,5164,9.04
2026-01-01 18:45:00,E1,22.14,47.94,79.88,7123,5.35
2026-01-01 18:50:00,E3,46.48,34.51,37.74,3053,7.42
2026-01-01 18:55:00,E2,54.64,16.28,80.53,2543,6.71
2026-01-01 19:00:00,E1,37.73,36.77,56.5,5687,7.66
2026-01-01 19:05:00,E2,38.81,79.57,43.92,1893,6.04
2026-01-01 19:10:00,E4,68.71,48.03,97.58,1405,9.44
2026-01-01 19:15:00,E1,46.07,58.57,68.67,4778,9.82
2026-01-01 19:20:00,E2,56.36,54.57,12.07,3325,7.12
2026-01-01 19:25:00,E2,34.39,51.51,62.88,5462,9.23
2026-01-01 19:30:00,E1,36.82,85.43,10.78,2585,7.55
2026-01-01 19:35:00,E1,52.99,50.0,36.42,7430,10.33
2026-01-01 19:40:00,E1,47.0,88.67,22.57,5575,6.19
2026-01-01 19:45:00,E2,16.84,20.53,63.81,2420,4.55
2026-01-01 19:50:00,E1,13.06,94.17,50.52,5051,7.42
2026-01-01 19:55:00,E1,87.04,97.21,62.37,163,9.76
2026-01-01 20:00:00,E3,74.83,91.0,90.57,216,9.47
2026-01-01 20:05:00,E1,68.01,31.19,36.57,2400,9.38
2026-01-01 20:10:00,E1,24.39,61.21,24.91,4725,5.14
2026-01-01 20:15:00,E4,40.54,23.79,12.27,5161,7.43
2026-01-01 20:20:00,E4,46.35,69.29,42.82,7518,8.31
2026-01-01 20:25:00,E2,80.21,20.88,90.62,5449,11.48
2026-01-01 20:30:00,E3,55.11,99.55,23.43,3525,10.48
2026-01-01 20:35:00,E1,76.01,93.45,72.74,6138,10.1
2026-01-01 20:40:00,E3,95.89,66.07,15.98,2865,12.86
2026-01-01 20:45:00,E3,47.93,93.48,20.38,1643,7.46
2026-01-01 20:50:00,E3,77.13,38.49,23.84,855,9.4
2026-01-01 20:55:00,E4,89.05,91.42,40.19,6363,9.24
2026-01-01 21:00:00,E2,82.01,71.39,88.9,6091,11.33
2026-01-01 21:05:00,E1,89.78,20.75,20.66,2568,9.35
2026-01-01 21:10:00,E2,14.0,99.22,50.42,5374,4.66
2026-01-01 21:15:00,E2,62.67,30.09,18.51,1121,7.94
2026-01-01 21:20:00,E1,68.05,19.26,53.33,368,7.88
2026-01-01 21:25:00,E3,72.08,32.7,26.37,6074,11.02
2026-01-01 21:30:00,E1,66.39,11.82,37.6,255,10.99
2026-01-01 21:35:00,E1,16.0,81.52,49.95,1737,6.63
2026-01-01 21:40:00,E2,67.0,82.55,37.59,2679,8.49
2026-01-01 21:45:00,E4,50.23,89.41,48.09,7353,8.02
2026-01-01 21:50:00,E2,42.91,41.96,38.47,6640,9.15
2026-01-01 21:55:00,E4,16.71,6.62,56.66,1987,7.56
2026-01-01 22:00:00,E4,78.38,72.43,84.45,1842,9.41
2026-01-01 22:05:00,E3,69.47,95.02,79.45,3647,9.22
2026-01-01 22:10:00,E2,15.33,86.95,34.18,1216,7.38
2026-01-01 22:15:00,E2,67.42,56.35,26.91,2267,10.6
2026-01-01 22:20:00,E2,41.67,13.89,55.8,4626,9.46
2026-01-01 22:25:00,E3,64.32,37.71,88.46,4669,8.85
2026-01-01 22:30:00,E4,29.82,46.6,74.68,1406,7.85
2026-01-01 22:35:00,E3,63.05,26.89,30.04,2427,7.69
2026-01-01 22:40:00,E1,97.5,92.56,69.15,6054,13.27
2026-01-01 22:45:00,E4,95.85,86.38,82.66,3211,10.54
2026-01-01 22:50:00,E4,52.32,39.64,47.71,581,10.23
2026-01-01 22:55:00,E1,99.18,96.34,65.09,796,13.5
2026-01-01 23:00:00,E2,64.96,46.4,35.21,1944,9.93
2026-01-01 23:05:00,E3,20.23,42.57,48.28,4279,7.17
2026-01-01 23:10:00,E1,29.91,67.5,52.66,6305,5.78
2026-01-01 23:15:00,E2,62.05,75.96,31.01,4851,8.6
2026-01-01 23:20:00,E4,20.53,28.04,51.5,6469,4.42
2026-01-01 23:25:00,E1,33.62,92.53,33.22,3609,6.1
2026-01-01 23:30:00,E1,20.6,89.23,43.58,7232,5.55
2026-01-01 23:35:00,E1,77.19,54.29,47.4,890,8.74
2026-01-01 23:40:00,E3,76.51,44.14,18.64,6389,10.52
2026-01-01 23:45:00,E4,17.04,17.41,24.93,5626,4.95
2026-01-01 23:50:00,E4,56.49,67.97,88.39,4069,8.67
2026-01-01 23:55:00,E3,89.85,37.81,48.84,5573,11.2
2026-01-02 00:00:00,E2,17.31,51.55,90.62,799,4.97
2026-01-02 00:05:00,E1,89.03,50.15,46.99,2322,11.84
2026-01-02 00:10:00,E3,36.0,24.08,87.62,4838,7.86
2026-01-02 00:15:00,E3,86.27,41.88,80.87,3400,9.04
2026-01-02 00:20:00,E2,90.79,52.44,37.56,4203,10.24
2026-01-02 00:25:00,E2,65.35,86.11,13.23,2045,10.74
2026-01-02 00:30:00,E1,74.69,55.19,99.35,7657,11.53
2026-01-02 00:35:00,E1,34.55,99.64,89.63,118,6.46
2026-01-02 00:40:00,E4,40.79,29.84,11.31,3325,6.04
2026-01-02 00:45:00,E4,93.32,22.59,66.25,6895,11.03
2026-01-02 00:50:00,E3,70.08,76.5,15.37,5926,11.01
2026-01-02 00:55:00,E1,28.93,34.59,21.99,4291,5.57
2026-01-02 01:00:00,E1,68.67,93.48,87.55,7045,8.92
2026-01-02 01:05:00,E4,92.55,76.11,50.93,3838,10.65
2026-01-02 01:10:00,E1,37.61,59.8,73.47,968,8.1
2026-01-02 01:15:00,E4,83.69,14.76,55.95,3118,11.94
2026-01-02 01:20:00,E1,39.53,99.1,38.97,3352,7.44
2026-01-02 01:25:00,E4,56.21,89.24,87.91,1909,6.78
2026-01-02 01:30:00,E4,86.87,5.65,37.43,4223,12.24
2026-01-02 01:35:00,E1,57.23,41.23,67.76,5665,7.28
2026-01-02 01:40:00,E4,59.44,69.55,67.64,4112,10.1
2026-01-02 01:45:00,E1,89.33,91.22,32.18,1896,11.6
2026-01-02 01:50:00,E2,91.33,70.86,78.17,4343,9.37
2026-01-02 01:55:00,E3,93.15,33.4,85.28,650,12.03
2026-01-02 02:00:00,E4,90.26,42.93,14.48,7907,11.2
2026-01-02 02:05:00,E4,54.34,19.35,84.04,3452,7.4
2026-01-02 02:10:00,E3,59.55,31.51,15.42,3402,8.62
2026-01-02 02:15:00,E2,64.85,92.1,60.85,2787,9.08
2026-01-02 02:20:00,E3,14.45,10.86,91.85,1609,5.98
2026-01-02 02:25:00,E4,90.7,47.27,38.55,6866,9.18
2026-01-02 02:30:00,E2,68.68,33.08,65.4,2783,8.87
2026-01-02 02:35:00,E1,44.77,72.73,30.56,2414,9.24
2026-01-02 02:40:00,E1,35.64,57.96,69.66,735,8.45
2026-01-02 02:45:00,E2,58.24,92.75,30.77,346,9.33
2026-01-02 02:50:00,E1,80.23,14.48,40.42,6231,10.15
2026-01-02 02:55:00,E3,50.22,55.83,75.42,4685,9.58
2026-01-02 03:00:00,E3,81.65,79.05,29.41,4284,10.95
2026-01-02 03:05:00,E3,70.13,9.69,31.56,2077,8.11
2026-01-02 03:10:00,E1,80.35,13.19,64.7,4268,9.41
2026-01-02 03:15:00,E1,75.92,21.7,83.28,4969,11.84
2026-01-02 03:20:00,E2,18.2,62.79,67.23,3085,7.14
2026-01-02 03:25:00,E4,25.59,13.86,96.42,1205,5.38
2026-01-02 03:30:00,E4,10.88,43.54,87.72,4364,3.93
2026-01-02 03:35:00,E4,58.85,32.21,29.78,5435,10.14
2026-01-02 03:40:00,E3,71.41,82.26,48.85,6433,9.93
2026-01-02 03:45:00,E1,91.99,78.21,61.35,1580,9.21
2026-01-02 03:50:00,E2,39.55,68.63,18.13,3463,6.11
2026-01-02 03:55:00,E2,80.68,66.24,80.32,5587,12.16
2026-01-02 04:00:00,E1,45.71,32.7,31.92,7602,7.97
2026-01-02 04:05:00,E2,36.53,23.91,86.46,3968,5.54
2026-01-02 04:10:00,E1,61.51,71.99,64.91,5494,9.23
2026-01-02 04:15:00,E4,85.43,91.11,33.99,3889,9.96
2026-01-02 04:20:00,E3,11.18,34.71,83.54,7246,5.08
2026-01-02 04:25:00,E3,23.97,5.06,81.64,5219,7.89
2026-01-02 04:30:00,E1,77.07,70.73,46.42,4173,9.9
2026-01-02 04:35:00,E2,28.39,20.87,31.39,2963,6.29
2026-01-02 04:40:00,E3,25.03,52.55,33.2,2055,5.18
2026-01-02 04:45:00,E1,81.02,49.37,56.53,520,8.62
2026-01-02 04:50:00,E1,81.12,57.12,92.23,1574,12.04
2026-01-02 04:55:00,E4,69.39,36.09,77.29,1994,9.01
2026-01-02 05:00:00,E3,73.17,83.42,71.79,3142,10.67
2026-01-02 05:05:00,E1,90.61,47.66,33.17,2206,10.17
2026-01-02 05:10:00,E3,13.55,17.2,10.94,6431,7.15
2026-01-02 05:15:00,E3,47.32,40.02,83.77,7522,8.47
2026-01-02 05:20:00,E4,92.96,75.01,62.82,6647,9.24
2026-01-02 05:25:00,E3,64.37,76.55,64.95,1532,9.74
2026-01-02 05:30:00,E1,22.19,38.95,88.65,5383,7.34
2026-01-02 05:35:00,E2,40.67,13.45,57.5,3026,7.87
2026-01-02 05:40:00,E2,29.63,76.67,57.61,495,6.63
2026-01-02 05:45:00,E3,69.23,92.87,45.12,4079,9.06
2026-01-02 05:50:00,E4,64.9,66.92,93.63,5410,8.1
2026-01-02 05:55:00,E4,63.84,83.71,78.77,4370,7.55
2026-01-02 06:00:00,E4,27.85,46.85,34.36,5083,5.55
2026-01-02 06:05:00,E3,94.69,94.29,52.2,1874,11.55
2026-01-02 06:10:00,E3,31.93,73.33,89.82,5614,5.91
2026-01-02 06:15:00,E1,39.08,80.17,39.35,5058,6.66
2026-01-02 06:20:00,E3,74.51,8.88,13.49,3630,9.22
2026-01-02 06:25:00,E1,64.01,36.2,18.69,355,7.83
2026-01-02 06:30:00,E4,97.49,40.62,74.06,7595,9.59
2026-01-02 06:35:00,E3,67.2,81.58,69.81,6764,8.45
2026-01-02 06:40:00,E2,75.68,38.13,58.95,3585,9.38
2026-01-02 06:45:00,E1,75.65,83.9,14.48,5429,9.29
2026-01-02 06:50:00,E4,57.6,77.82,72.81,1434,8.51
2026-01-02 06:55:00,E1,21.69,91.88,40.7,5233,8.19
2026-01-02 07:00:00,E3,61.99,74.79,34.78,4347,9.08
2026-01-02 07:05:00,E1,45.62,48.37,60.74,3463,9.64
2026-01-02 07:10:00,E3,64.67,40.37,98.05,263,9.79
2026-01-02 07:15:00,E2,79.5,71.14,65.52,1344,10.62
2026-01-02 07:20:00,E1,10.58,87.74,33.67,6811,5.14
2026-01-02 07:25:00,E3,46.18,70.63,77.26,5217,8.66
2026-01-02 07:30:00,E4,43.37,86.0,64.71,436,8.35
2026-01-02 07:35:00,E4,94.43,54.79,35.47,5494,13.16
2026-01-02 07:40:00,E4,17.38,31.23,45.53,3900,6.19
2026-01-02 07:45:00,E1,46.18,11.06,76.95,7334,8.38
2026-01-02 07:50:00,E3,29.75,7.17,49.86,1905,6.26
2026-01-02 07:55:00,E3,46.79,10.24,60.89,4670,6.83
2026-01-02 08:00:00,E3,95.72,75.91,13.06,681,11.26
2026-01-02 08:05:00,E1,22.45,53.85,49.4,146,5.68
2026-01-02 08:10:00,E1,36.94,63.13,41.17,4215,8.03
2026-01-02 08:15:00,E3,94.49,92.99,39.96,7627,12.93
2026-01-02 08:20:00,E4,16.18,11.53,37.14,4104,4.41
2026-01-02 08:25:00,E4,81.69,89.24,35.24,4222,11.71
2026-01-02 08:30:00,E4,56.39,40.13,56.3,4903,8.56
2026-01-02 08:35:00,E1,55.95,5.01,40.26,5708,6.92
2026-01-02 08:40:00,E1,40.69,89.14,37.69,6331,9.39
2026-01-02 08:45:00,E4,66.68,41.54,61.16,1182,8.75
2026-01-02 08:50:00,E4,83.86,95.11,30.22,3264,11.94
2026-01-02 08:55:00,E4,46.2,19.66,92.4,388,9.01
2026-01-02 09:00:00,E4,32.85,67.53,25.27,389,7.35
2026-01-02 09:05:00,E4,60.6,70.36,88.81,4667,9.03
2026-01-02 09:10:00,E1,73.75,86.56,63.82,5920,11.89
2026-01-02 09:15:00,E4,73.85,60.85,47.82,4762,10.07
2026-01-02 09:20:00,E2,46.39,27.96,83.45,2599,10.07
2026-01-02 09:25:00,E1,98.2,11.78,33.81,1742,10.47
2026-01-02 09:30:00,E2,96.28,93.7,40.3,315,12.65
2026-01-02 09:35:00,E2,20.08,73.33,60.67,4049,6.04
2026-01-02 09:40:00,E1,29.54,60.26,33.5,4176,8.96
2026-01-02 09:45:00,E2,34.98,91.21,55.25,3535,7.98
2026-01-02 09:50:00,E2,33.45,24.84,34.68,6195,5.33
2026-01-02 09:55:00,E2,62.91,71.07,78.38,4311,10.28
2026-01-02 10:00:00,E1,48.69,18.73,21.1,4573,8.75
2026-01-02 10:05:00,E2,36.51,37.11,11.97,2433,7.19
2026-01-02 10:10:00,E2,77.67,6.2,16.51,2539,11.08
2026-01-02 10:15:00,E3,56.21,50.69,25.71,4340,7.54
2026-01-02 10:20:00,E3,25.51,5.54,88.43,1672,7.95
2026-01-02 10:25:00,E4,89.26,44.89,19.38,387,11.89
2026-01-02 10:30:00,E3,52.0,49.43,99.64,5253,7.62
2026-01-02 10:35:00,E3,98.83,47.13,39.17,5552,9.6
2026-01-02 10:40:00,E3,74.83,11.89,34.57,5422,9.89
2026-01-02 10:45:00,E3,63.59,47.64,66.03,6495,9.0
2026-01-02 10:50:00,E3,79.93,38.09,67.17,6056,10.1
2026-01-02 10:55:00,E2,77.55,68.1,69.79,6315,9.15
2026-01-02 11:00:00,E4,84.69,38.19,74.56,4034,9.1
2026-01-02 11:05:00,E3,85.2,69.75,50.05,5815,12.63
2026-01-02 11:10:00,E1,42.11,81.97,97.22,4804,7.5
2026-01-02 11:15:00,E3,85.41,12.6,50.42,594,9.55
2026-01-02 11:20:00,E1,42.02,98.47,82.78,7148,9.72
2026-01-02 11:25:00,E2,36.1,17.31,63.85,2722,8.29
2026-01-02 11:30:00,E2,10.77,81.74,10.75,1060,7.48
2026-01-02 11:35:00,E1,93.54,25.5,47.75,7666,9.96
2026-01-02 11:40:00,E1,87.58,37.05,88.23,3278,11.31
2026-01-02 11:45:00,E2,24.68,30.03,91.19,5575,7.92
2026-01-02 11:50:00,E4,67.87,88.92,26.89,1070,8.33
2026-01-02 11:55:00,E4,17.56,52.79,90.76,7296,5.77
2026-01-02 12:00:00,E1,51.62,74.49,39.8,1551,8.8
2026-01-02 12:05:00,E4,10.77,6.01,94.0,3647,6.06
2026-01-02 12:10:00,E3,96.43,73.29,79.08,5183,9.73
2026-01-02 12:15:00,E3,25.68,47.29,25.47,7683,5.02
2026-01-02 12:20:00,E3,29.08,73.3,45.67,2645,7.77
2026-01-02 12:25:00,E1,91.78,96.16,90.09,1130,9.85
2026-01-02 12:30:00,E2,25.42,19.71,67.33,2845,8.5
2026-01-02 12:35:00,E3,95.53,78.9,99.21,2349,9.61
2026-01-02 12:40:00,E4,35.76,38.76,25.52,2260,6.84
2026-01-02 12:45:00,E2,48.3,42.71,91.79,4901,6.5
2026-01-02 12:50:00,E2,76.31,43.88,61.99,1140,10.39
2026-01-02 12:55:00,E3,28.4,22.21,96.88,5897,8.11
2026-01-02 13:00:00,E3,61.57,85.7,30.36,7290,7.31
2026-01-02 13:05:00,E2,50.68,74.51,25.65,3128,8.21
2026-01-02 13:10:00,E1,69.61,22.21,18.53,5778,8.06
2026-01-02 13:15:00,E4,47.43,77.07,48.31,5940,10.07
2026-01-02 13:20:00,E3,21.91,60.44,29.68,2942,5.32
2026-01-02 13:25:00,E2,75.43,33.98,98.27,7140,10.04
2026-01-02 13:30:00,E3,62.23,41.44,81.13,2607,8.92
2026-01-02 13:35:00,E2,68.2,95.0,41.7,7986,9.47
2026-01-02 13:40:00,E3,63.43,22.96,44.43,2712,10.0
2026-01-02 13:45:00,E1,66.99,83.13,96.2,3218,7.83
2026-01-02 13:50:00,E3,46.35,62.44,85.4,6337,7.89
2026-01-02 13:55:00,E1,66.15,94.27,35.71,1267,8.73
2026-01-02 14:00:00,E1,17.86,8.48,13.04,7666,8.13
2026-01-02 14:05:00,E4,97.15,24.36,53.34,5894,10.53
2026-01-02 14:10:00,E1,12.34,48.02,97.58,616,6.03
2026-01-02 14:15:00,E1,38.44,45.09,97.17,1706,6.33
2026-01-02 14:20:00,E4,44.08,6.1,36.37,5569,8.13
2026-01-02 14:25:00,E4,53.33,13.92,17.92,214,10.32
2026-01-02 14:30:00,E2,87.09,74.73,12.89,6502,12.76
2026-01-02 14:35:00,E1,37.96,91.76,94.47,5015,5.54
2026-01-02 14:40:00,E3,57.83,45.97,18.2,715,7.12
2026-01-02 14:45:00,E3,66.42,40.27,33.1,877,10.07
2026-01-02 14:50:00,E1,49.49,54.29,12.49,815,7.97
2026-01-02 14:55:00,E4,70.16,38.99,98.34,4202,10.37
2026-01-02 15:00:00,E4,79.9,83.09,30.98,6891,10.68
2026-01-02 15:05:00,E4,16.76,13.63,84.59,5092,4.88
2026-01-02 15:10:00,E1,33.0,64.6,73.85,6889,8.11
2026-01-02 15:15:00,E3,20.59,26.82,60.56,5835,7.57
2026-01-02 15:20:00,E1,58.2,74.84,50.11,6560,8.41
2026-01-02 15:25:00,E4,28.07,21.56,21.7,1570,8.14
2026-01-02 15:30:00,E3,82.49,6.73,90.01,7932,9.09
2026-01-02 15:35:00,E1,77.31,32.66,61.77,2855,11.47
2026-01-02 15:40:00,E1,54.5,60.19,56.35,7438,9.2
2026-01-02 15:45:00,E3,86.56,14.29,79.18,1961,9.9
2026-01-02 15:50:00,E4,59.43,18.2,54.16,5705,8.2
2026-01-02 15:55:00,E4,54.11,52.62,85.91,1562,9.68
2026-01-02 16:00:00,E2,19.79,68.49,31.95,7065,7.83
2026-01-02 16:05:00,E1,73.91,40.29,53.96,6508,8.53
2026-01-02 16:10:00,E1,86.81,55.37,69.54,4502,9.59
2026-01-02 16:15:00,E2,39.88,41.54,10.99,906,8.56
2026-01-02 16:20:00,E1,50.99,23.29,79.11,5664,7.42
2026-01-02 16:25:00,E4,27.11,65.22,83.27,672,6.71
2026-01-02 16:30:00,E2,83.76,74.56,89.78,7357,10.58
2026-01-02 16:35:00,E3,17.02,17.12,91.51,667,4.38
2026-01-02 16:40:00,E4,64.68,38.98,93.13,5646,9.22
2026-01-02 16:45:00,E2,76.59,87.75,67.44,1423,12.0
2026-01-02 16:50:00,E3,39.52,38.16,45.17,1468,6.36
2026-01-02 16:55:00,E3,21.05,14.03,23.16,6033,4.69
2026-01-02 17:00:00,E3,86.64,66.06,14.98,4817,9.38
2026-01-02 17:05:00,E1,63.82,26.43,59.96,1532,10.38
2026-01-02 17:10:00,E4,48.09,5.73,28.62,2796,9.69
2026-01-02 17:15:00,E3,67.16,80.26,94.68,271,10.87
2026-01-02 17:20:00,E4,63.23,71.22,32.4,5836,10.41
2026-01-02 17:25:00,E3,28.39,47.98,38.07,3109,8.63
2026-01-02 17:30:00,E1,42.74,60.05,21.57,6347,9.37
2026-01-02 17:35:00,E1,35.78,60.09,65.87,1792,7.77
2026-01-02 17:40:00,E1,52.43,45.55,47.59,1432,7.06
2026-01-02 17:45:00,E1,78.19,21.92,55.18,855,11.49
2026-01-02 17:50:00,E1,88.23,64.86,35.34,7641,12.82
2026-01-02 17:55:00,E3,40.95,69.64,49.83,3062,9.63
2026-01-02 18:00:00,E4,29.27,82.85,20.26,5624,7.83
2026-01-02 18:05:00,E2,85.09,9.3,28.78,6830,11.15
2026-01-02 18:10:00,E1,66.6,88.83,44.19,5449,7.97
2026-01-02 18:15:00,E4,24.69,62.16,34.76,6523,6.74
2026-01-02 18:20:00,E1,12.84,93.02,76.0,354,4.58
2026-01-02 18:25:00,E2,43.4,88.34,96.84,6401,5.93
2026-01-02 18:30:00,E1,60.78,75.76,59.83,1568,7.14
2026-01-02 18:35:00,E3,68.52,7.11,41.08,619,9.43
2026-01-02 18:40:00,E3,76.83,13.27,23.12,4693,8.34
2026-01-02 18:45:00,E2,57.39,17.76,39.36,382,8.76
2026-01-02 18:50:00,E4,57.36,10.96,18.5,2550,7.61
2026-01-02 18:55:00,E4,54.33,49.79,38.92,1389,9.67
2026-01-02 19:00:00,E4,98.15,85.64,66.78,4767,10.66
2026-01-02 19:05:00,E3,87.31,83.54,50.33,3648,9.78
2026-01-02 19:10:00,E2,81.56,84.19,21.89,1227,12.33
2026-01-02 19:15:00,E1,44.13,85.11,25.65,7024,7.91
2026-01-02 19:20:00,E2,21.45,8.4,41.25,5829,7.64
2026-01-02 19:25:00,E2,26.12,85.67,36.94,2140,6.2
2026-01-02 19:30:00,E3,82.24,99.61,60.93,3214,12.03
2026-01-02 19:35:00,E3,33.2,94.02,29.86,836,8.53
2026-01-02 19:40:00,E1,19.67,10.86,32.97,6468,6.16
2026-01-02 19:45:00,E3,39.25,85.89,54.45,110,8.11
2026-01-02 19:50:00,E4,69.92,67.72,56.6,146,8.41
2026-01-02 19:55:00,E4,52.55,87.87,60.63,714,7.44
2026-01-02 20:00:00,E4,18.86,81.49,36.0,1498,6.96
2026-01-02 20:05:00,E1,58.02,8.17,83.05,838,10.41
2026-01-02 20:10:00,E4,20.34,33.29,94.9,2823,5.7
2026-01-02 20:15:00,E4,60.5,24.08,26.01,6861,9.17
2026-01-02 20:20:00,E4,11.94,80.53,68.75,4331,4.58
2026-01-02 20:25:00,E3,55.59,61.99,37.87,3984,10.65
2026-01-02 20:30:00,E1,75.92,27.46,36.29,1653,9.49
2026-01-02 20:35:00,E1,28.88,22.0,37.6,3009,7.5
2026-01-02 20:40:00,E1,40.84,74.78,18.9,1092,9.65
2026-01-02 20:45:00,E2,62.13,29.4,21.84,6342,9.13
2026-01-02 20:50:00,E1,87.96,80.8,74.26,454,12.28
2026-01-02 20:55:00,E2,35.26,86.16,48.32,6848,6.01
2026-01-02 21:00:00,E1,46.69,40.19,36.12,7173,9.34
2026-01-02 21:05:00,E3,21.26,13.29,30.28,3014,5.4
2026-01-02 21:10:00,E4,56.16,62.03,71.9,7171,10.31
2026-01-02 21:15:00,E4,83.25,87.31,13.81,5964,11.26
2026-01-02 21:20:00,E4,95.89,58.08,72.93,3855,13.14
2026-01-02 21:25:00,E3,59.09,6.41,60.25,545,10.88
2026-01-02 21:30:00,E1,28.04,83.22,34.78,5779,7.68
2026-01-02 21:35:00,E3,80.01,52.84,71.21,5144,10.16
2026-01-02 21:40:00,E1,94.73,86.48,62.57,3833,10.37
2026-01-02 21:45:00,E1,49.36,23.03,50.03,3379,7.87
2026-01-02 21:50:00,E2,84.35,93.95,46.56,6588,9.94
2026-01-02 21:55:00,E1,88.74,89.29,86.32,6353,10.4
2026-01-02 22:00:00,E3,52.75,91.18,70.16,689,7.13
2026-01-02 22:05:00,E4,91.91,30.69,69.43,1317,11.28
2026-01-02 22:10:00,E4,29.55,67.96,98.25,6451,8.63
2026-01-02 22:15:00,E2,88.11,97.13,45.74,2836,9.1
2026-01-02 22:20:00,E3,63.89,45.54,70.78,2926,9.98
2026-01-02 22:25:00,E3,31.65,27.67,18.88,6261,5.73
2026-01-02 22:30:00,E4,74.27,23.93,23.49,6733,8.0
2026-01-02 22:35:00,E3,83.05,88.16,80.6,163,10.07
2026-01-02 22:40:00,E2,29.85,71.02,52.64,3369,6.46
2026-01-02 22:45:00,E3,10.68,77.43,82.9,387,6.81
2026-01-02 22:50:00,E3,20.19,69.02,52.63,4501,5.41
2026-01-02 22:55:00,E2,20.87,36.49,58.05,2079,4.93
2026-01-02 23:00:00,E2,39.13,20.51,22.79,2050,7.98
2026-01-02 23:05:00,E2,71.95,23.62,26.1,5961,8.24
2026-01-02 23:10:00,E1,62.15,70.87,69.27,5637,8.87
2026-01-02 23:15:00,E1,43.74,27.53,73.72,776,6.6
2026-01-02 23:20:00,E4,39.93,87.9,67.87,5790,9.09
2026-01-02 23:25:00,E2,14.98,21.98,18.43,1942,5.66
2026-01-02 23:30:00,E3,85.55,44.74,59.01,1953,10.15
2026-01-02 23:35:00,E2,25.43,12.46,99.48,2637,7.93
2026-01-02 23:40:00,E2,46.2,92.87,48.78,4692,8.44
2026-01-02 23:45:00,E2,70.41,59.13,34.39,4344,10.8
2026-01-02 23:50:00,E3,91.91,87.1,44.14,1771,11.97
2026-01-02 23:55:00,E1,45.54,53.05,59.59,4518,9.99
2026-01-03 00:00:00,E1,69.96,14.67,76.99,4986,11.44
2026-01-03 00:05:00,E4,60.57,52.49,90.26,1717,8.72
2026-01-03 00:10:00,E4,61.6,28.1,13.35,4165,8.7
2026-01-03 00:15:00,E4,64.45,65.09,19.48,6153,7.68
2026-01-03 00:20:00,E1,86.08,59.19,97.04,5396,11.99
2026-01-03 00:25:00,E1,71.35,99.93,96.1,5093,10.94
2026-01-03 00:30:00,E1,63.61,25.93,54.21,4542,8.63
2026-01-03 00:35:00,E2,31.53,93.09,39.98,1561,6.84
2026-01-03 00:40:00,E3,78.45,23.42,41.07,6242,12.0
2026-01-03 00:45:00,E1,41.11,83.92,51.32,7092,5.94
2026-01-03 00:50:00,E3,63.27,60.75,15.09,2607,10.42
2026-01-03 00:55:00,E2,68.89,42.99,36.97,6337,9.37
2026-01-03 01:00:00,E3,76.36,20.05,68.97,4937,8.36
2026-01-03 01:05:00,E4,80.38,36.55,60.78,7472,10.58
2026-01-03 01:10:00,E2,30.05,28.73,44.1,1390,5.36
2026-01-03 01:15:00,E2,35.03,12.74,67.92,5642,6.33
2026-01-03 01:20:00,E4,20.5,15.99,57.45,3803,6.44
2026-01-03 01:25:00,E3,24.21,77.34,79.78,6278,5.17
2026-01-03 01:30:00,E2,80.72,73.92,37.06,4193,8.79
2026-01-03 01:35:00,E2,91.05,5.28,98.67,3860,12.62
2026-01-03 01:40:00,E1,35.67,43.68,68.07,4327,7.89
2026-01-03 01:45:00,E4,84.66,72.19,92.07,401,11.91
2026-01-03 01:50:00,E1,11.32,48.21,75.79,100,4.29
2026-01-03 01:55:00,E2,41.32,72.62,47.29,2420,5.81
2026-01-03 02:00:00,E1,44.88,18.04,25.71,4912,9.95
2026-01-03 02:05:00,E1,62.16,35.3,99.46,3919,10.91
2026-01-03 02:10:00,E2,58.02,84.8,72.71,6488,9.34
2026-01-03 02:15:00,E1,83.99,73.56,99.18,7429,8.76
2026-01-03 02:20:00,E3,81.89,11.44,81.99,2039,11.19
2026-01-03 02:25:00,E2,57.22,63.04,23.75,5065,10.55
2026-01-03 02:30:00,E3,81.1,5.17,94.18,4321,9.08
2026-01-03 02:35:00,E4,35.13,15.57,89.05,5586,7.84
2026-01-03 02:40:00,E4,50.04,17.57,87.72,5921,9.71
2026-01-03 02:45:00,E1,49.69,47.12,95.81,3642,6.83
2026-01-03 02:50:00,E4,20.49,18.14,21.14,5722,8.09
2026-01-03 02:55:00,E4,56.38,48.98,77.01,7837,7.47
2026-01-03 03:00:00,E1,56.34,37.42,21.96,5789,10.65
2026-01-03 03:05:00,E2,59.2,17.64,63.07,6027,7.79
2026-01-03 03:10:00,E1,81.06,13.23,54.81,4207,11.46
2026-01-03 03:15:00,E4,51.36,78.96,19.61,5586,9.06
2026-01-03 03:20:00,E2,77.44,97.62,15.22,2470,10.9
2026-01-03 03:25:00,E4,54.02,40.09,44.84,3567,8.41
2026-01-03 03:30:00,E1,80.45,76.59,84.35,1192,8.95
2026-01-03 03:35:00,E2,71.66,46.63,84.8,2242,8.05
2026-01-03 03:40:00,E1,67.97,89.75,93.85,5573,8.08
2026-01-03 03:45:00,E3,62.17,68.36,22.64,1056,7.87
2026-01-03 03:50:00,E4,20.58,9.08,55.54,6775,5.89
2026-01-03 03:55:00,E2,11.59,92.8,84.09,192,6.93
2026-01-03 04:00:00,E2,57.99,13.63,54.94,5131,7.87
2026-01-03 04:05:00,E3,15.01,38.99,70.32,3595,6.93
2026-01-03 04:10:00,E4,18.94,45.81,53.0,548,7.96
2026-01-03 04:15:00,E1,29.8,39.67,11.14,5996,7.4
2026-01-03 04:20:00,E4,65.35,94.0,39.46,1487,10.52
2026-01-03 04:25:00,E3,46.05,73.18,83.4,2334,6.47
2026-01-03 04:30:00,E1,34.55,65.47,32.74,7925,7.07
2026-01-03 04:35:00,E3,92.17,50.63,31.59,2029,11.53
2026-01-03 04:40:00,E1,25.21,48.55,79.62,7948,8.17
2026-01-03 04:45:00,E2,56.1,52.57,41.33,3952,7.03
2026-01-03 04:50:00,E3,19.47,14.82,14.96,7958,7.34
2026-01-03 04:55:00,E2,54.05,57.88,55.81,7818,9.3
2026-01-03 05:00:00,E2,79.82,34.17,47.15,3984,8.76
2026-01-03 05:05:00,E2,41.56,51.45,50.01,3648,8.29
2026-01-03 05:10:00,E1,14.98,9.23,73.78,2742,6.16
2026-01-03 05:15:00,E4,90.61,52.31,92.63,5358,12.64
2026-01-03 05:20:00,E4,13.21,21.14,36.1,4974,6.47
2026-01-03 05:25:00,E1,44.93,26.38,77.75,4458,7.86
2026-01-03 05:30:00,E3,23.07,79.42,93.05,6561,7.95
2026-01-03 05:35:00,E1,99.55,65.16,14.18,965,13.58
2026-01-03 05:40:00,E4,14.84,20.8,13.49,7992,6.49
2026-01-03 05:45:00,E2,80.98,73.74,58.98,3126,12.04
2026-01-03 05:50:00,E4,27.54,87.77,97.73,5285,6.99
2026-01-03 05:55:00,E4,33.94,48.67,25.83,3937,8.51
2026-01-03 06:00:00,E1,81.57,43.34,44.38,6487,8.66
2026-01-03 06:05:00,E2,30.76,39.62,68.81,1196,8.86
2026-01-03 06:10:00,E4,21.87,72.17,98.39,1160,4.48
2026-01-03 06:15:00,E1,66.28,69.56,61.85,3078,9.67
2026-01-03 06:20:00,E1,53.0,55.42,75.04,4893,8.3
2026-01-03 06:25:00,E3,67.89,43.13,56.09,1984,11.25
2026-01-03 06:30:00,E3,72.54,23.1,35.48,4348,10.4
2026-01-03 06:35:00,E4,84.38,83.29,41.02,5939,9.28
2026-01-03 06:40:00,E3,72.12,9.29,94.9,3925,8.71
2026-01-03 06:45:00,E1,24.0,38.47,35.39,6789,5.97
2026-01-03 06:50:00,E1,57.89,58.32,73.44,1988,7.0
2026-01-03 06:55:00,E1,55.33,22.36,85.31,1813,10.51
2026-01-03 07:00:00,E2,92.96,24.24,20.76,7885,10.99
2026-01-03 07:05:00,E1,91.12,62.77,73.44,5951,11.12
2026-01-03 07:10:00,E2,58.89,8.49,46.97,5836,10.21
2026-01-03 07:15:00,E4,41.77,64.09,17.85,5211,9.63
2026-01-03 07:20:00,E2,44.32,56.95,78.66,4688,8.69
2026-01-03 07:25:00,E3,66.01,35.56,72.88,713,9.58
2026-01-03 07:30:00,E2,46.42,26.2,61.01,1957,7.68
2026-01-03 07:35:00,E4,71.49,40.95,43.36,512,8.75
2026-01-03 07:40:00,E4,52.84,89.12,34.02,3680,6.54
2026-01-03 07:45:00,E1,27.55,9.55,30.23,6029,8.62
2026-01-03 07:50:00,E2,20.91,47.06,73.08,452,5.23
2026-01-03 07:55:00,E2,37.44,71.19,66.71,4523,8.61
2026-01-03 08:00:00,E3,74.53,9.84,77.54,843,8.71
2026-01-03 08:05:00,E3,40.68,18.63,18.86,3544,6.71
2026-01-03 08:10:00,E2,69.48,14.33,76.63,2855,8.24
2026-01-03 08:15:00,E1,59.87,70.82,44.25,2844,8.35
2026-01-03 08:20:00,E2,58.21,62.53,30.6,2683,8.82
2026-01-03 08:25:00,E4,82.97,80.93,95.8,7784,9.12
2026-01-03 08:30:00,E1,90.37,68.23,65.13,7767,9.22
2026-01-03 08:35:00,E3,55.42,76.02,29.42,3937,10.31
2026-01-03 08:40:00,E4,92.17,61.35,62.98,6425,11.7
2026-01-03 08:45:00,E4,89.21,62.62,36.78,1023,9.56
2026-01-03 08:50:00,E3,93.41,66.55,14.97,2288,9.36
2026-01-03 08:55:00,E1,45.56,33.33,55.42,891,6.29
2026-01-03 09:00:00,E3,95.14,38.23,48.35,5723,12.62
2026-01-03 09:05:00,E1,19.41,44.35,18.9,5940,6.36
2026-01-03 09:10:00,E1,40.81,11.1,54.41,4404,5.93
2026-01-03 09:15:00,E1,34.26,13.56,98.73,761,6.58
2026-01-03 09:20:00,E4,22.73,93.5,33.97,5504,4.8
2026-01-03 09:25:00,E1,77.64,45.13,76.87,868,8.8
2026-01-03 09:30:00,E1,83.1,73.29,10.52,4935,10.86
2026-01-03 09:35:00,E1,25.99,9.61,92.32,885,5.54
2026-01-03 09:40:00,E1,66.96,61.28,50.15,3576,10.89
2026-01-03 09:45:00,E1,86.46,29.38,15.49,7080,10.85
2026-01-03 09:50:00,E2,53.3,19.5,81.77,3927,7.68
2026-01-03 09:55:00,E2,26.9,79.63,18.72,1245,6.78
2026-01-03 10:00:00,E4,60.52,83.4,17.61,7440,7.53
2026-01-03 10:05:00,E2,11.05,64.11,95.63,4776,6.97
2026-01-03 10:10:00,E3,94.15,82.15,62.83,828,10.45
2026-01-03 10:15:00,E3,71.62,56.63,28.86,2841,11.02
2026-01-03 10:20:00,E3,35.05,69.42,56.94,4402,7.79
2026-01-03 10:25:00,E1,33.83,85.42,51.0,6574,8.52
2026-01-03 10:30:00,E1,71.67,69.81,60.62,778,10.33
2026-01-03 10:35:00,E2,11.48,82.83,13.41,3710,4.43
2026-01-03 10:40:00,E4,83.75,58.8,55.53,229,10.37
2026-01-03 10:45:00,E3,94.17,45.9,26.58,6938,12.39
2026-01-03 10:50:00,E3,84.9,81.18,59.12,3483,9.12
2026-01-03 10:55:00,E4,38.1,31.87,42.98,1133,7.08
2026-01-03 11:00:00,E2,65.71,73.87,54.56,133,9.09
2026-01-03 11:05:00,E3,55.95,41.54,91.39,198,8.91
2026-01-03 11:10:00,E2,66.9,34.92,96.45,134,7.88
2026-01-03 11:15:00,E1,55.38,14.15,23.64,1829,10.65
2026-01-03 11:20:00,E3,37.73,76.52,93.99,1425,8.34
2026-01-03 11:25:00,E2,17.99,12.96,77.64,5242,6.79
2026-01-03 11:30:00,E4,15.51,73.17,32.93,6809,7.74
2026-01-03 11:35:00,E2,81.68,94.34,85.84,1705,11.0
2026-01-03 11:40:00,E2,13.38,51.37,14.73,786,4.27
2026-01-03 11:45:00,E3,62.52,33.31,27.77,1943,8.28
2026-01-03 11:50:00,E2,72.69,41.73,10.7,2276,7.9
2026-01-03 11:55:00,E2,35.42,89.66,79.28,2522,8.36
2026-01-03 12:00:00,E2,82.43,62.9,69.56,6489,11.27
2026-01-03 12:05:00,E3,10.87,63.69,33.54,4691,7.26
2026-01-03 12:10:00,E3,13.0,35.21,89.3,3529,4.95
2026-01-03 12:15:00,E2,25.85,43.9,23.51,6589,6.2
2026-01-03 12:20:00,E1,87.4,82.37,65.13,5346,10.59
2026-01-03 12:25:00,E4,10.5,11.13,54.05,339,5.93
2026-01-03 12:30:00,E1,80.8,13.29,29.97,6797,8.67
2026-01-03 12:35:00,E2,65.37,17.98,91.63,5079,8.59
2026-01-03 12:40:00,E2,82.84,73.79,37.83,5525,11.61
2026-01-03 12:45:00,E2,50.22,26.18,50.72,3422,8.4
2026-01-03 12:50:00,E2,98.86,42.59,49.45,7943,12.94
2026-01-03 12:55:00,E1,20.08,37.0,92.7,4391,4.6
2026-01-03 13:00:00,E4,80.37,69.66,58.55,5173,10.0
2026-01-03 13:05:00,E2,46.09,22.83,51.74,2795,9.16
2026-01-03 13:10:00,E1,63.72,66.9,37.56,5225,10.2
2026-01-03 13:15:00,E1,83.4,92.44,70.78,7134,11.83
2026-01-03 13:20:00,E2,95.06,24.89,81.57,4611,9.55
2026-01-03 13:25:00,E1,29.97,39.3,92.67,510,7.43
2026-01-03 13:30:00,E2,64.48,39.08,81.09,2569,9.43
2026-01-03 13:35:00,E3,34.88,59.83,72.63,350,8.39
2026-01-03 13:40:00,E1,37.13,61.89,75.52,1110,5.61
2026-01-03 13:45:00,E1,22.44,5.64,86.33,4207,8.35
2026-01-03 13:50:00,E1,25.08,63.1,64.18,5501,7.85
2026-01-03 13:55:00,E4,14.47,40.88,70.65,5747,5.69
2026-01-03 14:00:00,E1,74.33,34.94,89.73,4083,11.84
2026-01-03 14:05:00,E3,80.64,43.8,25.62,6656,8.77
2026-01-03 14:10:00,E1,17.1,10.34,35.02,7474,6.34
2026-01-03 14:15:00,E2,78.16,14.65,19.54,5779,10.21
2026-01-03 14:20:00,E3,33.35,16.85,84.9,7891,6.93
2026-01-03 14:25:00,E3,56.89,99.98,10.84,624,10.76
2026-01-03 14:30:00,E2,46.32,76.77,94.54,5487,8.42
2026-01-03 14:35:00,E4,43.59,41.96,82.97,1361,9.82
2026-01-03 14:40:00,E3,57.0,11.55,19.92,704,9.74
2026-01-03 14:45:00,E3,10.88,93.94,56.33,4760,3.98
2026-01-03 14:50:00,E4,60.52,91.87,22.38,5393,10.73
2026-01-03 14:55:00,E4,45.72,39.99,69.1,2963,10.04
2026-01-03 15:00:00,E2,78.12,63.12,90.94,7530,11.67
2026-01-03 15:05:00,E4,36.08,42.17,12.78,4029,6.31
2026-01-03 15:10:00,E4,86.05,68.82,66.36,491,10.79
2026-01-03 15:15:00,E4,69.42,29.76,98.81,4604,8.83
2026-01-03 15:20:00,E1,63.98,57.61,34.07,211,10.75
2026-01-03 15:25:00,E4,32.9,13.36,92.0,6131,8.69
2026-01-03 15:30:00,E2,19.31,17.88,89.22,745,7.34
2026-01-03 15:35:00,E3,99.41,91.83,12.31,4563,10.58
2026-01-03 15:40:00,E3,89.39,68.34,71.86,6795,10.37
2026-01-03 15:45:00,E3,91.45,38.0,81.91,7670,11.14
2026-01-03 15:50:00,E2,24.02,99.0,50.38,2910,7.79
2026-01-03 15:55:00,E2,48.49,66.05,33.04,1624,6.72
2026-01-03 16:00:00,E2,83.79,15.9,39.61,4729,9.79
2026-01-03 16:05:00,E2,68.5,37.91,23.62,2621,9.7
2026-01-03 16:10:00,E3,51.82,30.86,48.77,3625,9.33
2026-01-03 16:15:00,E4,20.6,88.13,22.22,7199,7.06
2026-01-03 16:20:00,E2,20.33,10.87,49.72,5714,4.68
2026-01-03 16:25:00,E2,22.42,5.22,80.16,3681,6.02
2026-01-03 16:30:00,E4,62.79,65.91,36.42,7485,10.45
2026-01-03 16:35:00,E3,98.7,44.83,39.3,4882,10.37
2026-01-03 16:40:00,E1,59.21,42.57,20.61,6396,8.48
2026-01-03 16:45:00,E1,52.27,40.21,95.26,2904,8.91
2026-01-03 16:50:00,E3,27.05,94.71,77.95,2119,5.9
2026-01-03 16:55:00,E1,81.82,62.46,64.57,6019,8.75
2026-01-03 17:00:00,E3,61.39,26.48,67.65,2181,9.64
2026-01-03 17:05:00,E4,27.27,89.63,22.49,1487,8.79
2026-01-03 17:10:00,E4,46.43,65.64,39.96,2130,8.81
2026-01-03 17:15:00,E4,36.08,83.28,54.64,2394,8.11
2026-01-03 17:20:00,E3,50.08,99.51,71.84,6476,7.81
2026-01-03 17:25:00,E3,59.42,30.04,81.52,4773,10.12
2026-01-03 17:30:00,E4,81.51,91.61,72.44,4943,10.45
2026-01-03 17:35:00,E4,75.75,30.6,21.82,5225,8.68
2026-01-03 17:40:00,E2,61.21,96.41,41.66,2833,8.92
2026-01-03 17:45:00,E3,20.81,77.07,43.39,3472,7.27
2026-01-03 17:50:00,E4,15.8,98.9,26.56,5915,6.3
2026-01-03 17:55:00,E2,74.76,88.0,48.16,1783,11.79
2026-01-03 18:00:00,E4,59.66,80.44,21.52,428,9.83
2026-01-03 18:05:00,E1,14.49,87.79,56.66,4206,7.79
2026-01-03 18:10:00,E3,30.15,97.49,39.74,3055,8.63
2026-01-03 18:15:00,E4,72.61,93.51,16.8,7310,10.42
2026-01-03 18:20:00,E2,74.72,55.29,30.26,1468,9.83
2026-01-03 18:25:00,E3,87.02,90.22,28.12,4225,10.62
2026-01-03 18:30:00,E3,78.91,17.02,41.35,6689,12.14
2026-01-03 18:35:00,E4,51.91,82.66,79.33,2069,8.48
2026-01-03 18:40:00,E1,92.37,67.57,79.67,4943,10.87
2026-01-03 18:45:00,E1,46.66,84.77,56.73,4678,7.35
2026-01-03 18:50:00,E1,31.94,99.35,27.23,5586,7.33
2026-01-03 18:55:00,E1,51.82,55.71,13.57,6949,7.81
2026-01-03 19:00:00,E2,49.7,93.08,47.37,1069,9.19
2026-01-03 19:05:00,E3,46.73,75.21,63.49,3919,7.52
2026-01-03 19:10:00,E1,60.99,34.39,45.3,2225,10.85
2026-01-03 19:15:00,E3,70.6,40.63,71.36,6787,11.26
2026-01-03 19:20:00,E3,27.68,81.36,62.74,6902,7.08
2026-01-03 19:25:00,E3,31.06,94.93,22.22,6286,5.26
2026-01-03 19:30:00,E2,18.59,34.84,59.06,4596,6.8
2026-01-03 19:35:00,E1,74.9,41.41,20.57,4973,11.5
2026-01-03 19:40:00,E2,25.1,41.91,95.26,901,8.62
2026-01-03 19:45:00,E1,93.26,48.69,11.95,6344,9.78
2026-01-03 19:50:00,E2,62.82,95.08,76.8,7545,7.77
2026-01-03 19:55:00,E4,74.58,36.46,94.9,6355,9.92
2026-01-03 20:00:00,E3,13.98,55.36,16.03,1798,6.12
2026-01-03 20:05:00,E1,63.88,54.37,44.43,7106,8.58
2026-01-03 20:10:00,E4,25.54,9.56,68.87,7994,7.99
2026-01-03 20:15:00,E2,10.04,56.45,35.49,7463,4.74
2026-01-03 20:20:00,E3,32.58,85.2,49.59,7910,6.03
2026-01-03 20:25:00,E2,30.97,52.3,39.84,5819,7.21
2026-01-03 20:30:00,E1,47.19,34.66,74.78,4207,9.6
2026-01-03 20:35:00,E3,44.04,46.48,64.95,1435,9.06
2026-01-03 20:40:00,E1,15.99,69.55,90.66,758,5.1
2026-01-03 20:45:00,E3,55.83,16.46,14.93,5600,10.39
2026-01-03 20:50:00,E1,17.77,38.27,68.91,3052,6.7
2026-01-03 20:55:00,E1,71.64,17.83,25.13,7947,8.1
2026-01-03 21:00:00,E3,49.9,28.32,99.82,3890,8.13
2026-01-03 21:05:00,E3,16.62,96.43,49.25,7956,7.89
2026-01-03 21:10:00,E2,77.88,98.75,73.62,5369,10.75
2026-01-03 21:15:00,E1,42.4,21.87,13.94,6329,8.03
2026-01-03 21:20:00,E4,50.45,11.72,90.29,2782,9.07
2026-01-03 21:25:00,E1,47.59,19.93,20.61,4368,9.56
2026-01-03 21:30:00,E4,28.31,40.35,53.34,3474,8.43
2026-01-03 21:35:00,E1,92.44,12.81,64.3,5583,9.46
2026-01-03 21:40:00,E1,34.29,16.06,61.72,1215,7.55
2026-01-03 21:45:00,E2,20.35,82.12,96.76,110,6.96
2026-01-03 21:50:00,E1,66.53,33.95,75.26,7229,8.09
2026-01-03 21:55:00,E3,73.36,99.03,21.63,5964,10.28
2026-01-03 22:00:00,E3,26.68,52.72,37.89,7491,5.92
2026-01-03 22:05:00,E2,19.26,47.01,15.84,3094,5.3
2026-01-03 22:10:00,E3,50.87,32.07,21.82,4442,7.04
2026-01-03 22:15:00,E4,72.39,7.7,50.4,4359,8.15
2026-01-03 22:20:00,E1,80.35,72.41,34.04,3986,9.79
2026-01-03 22:25:00,E2,75.43,27.31,32.81,4479,9.28
2026-01-03 22:30:00,E1,51.42,31.58,89.49,6872,9.4
2026-01-03 22:35:00,E4,20.52,68.51,20.44,1985,4.54
2026-01-03 22:40:00,E3,75.89,99.18,90.13,1514,10.34
2026-01-03 22:45:00,E4,39.17,55.79,51.79,2780,6.68
2026-01-03 22:50:00,E2,96.13,86.43,10.23,1233,11.33
2026-01-03 22:55:00,E3,51.86,57.45,11.44,2146,9.23
2026-01-03 23:00:00,E4,45.41,26.32,69.22,6099,7.32
2026-01-03 23:05:00,E3,42.13,40.88,27.39,390,7.18
2026-01-03 23:10:00,E3,60.78,74.84,58.19,3227,10.54
2026-01-03 23:15:00,E4,16.56,8.73,69.01,7277,6.71
2026-01-03 23:20:00,E4,84.3,25.78,65.69,3607,11.24
2026-01-03 23:25:00,E1,46.46,29.06,29.21,2603,7.53
2026-01-03 23:30:00,E1,57.0,29.47,98.86,5160,9.14
2026-01-03 23:35:00,E4,71.84,52.11,77.88,4584,11.17
2026-01-03 23:40:00,E1,89.34,55.2,43.25,1776,11.83
2026-01-03 23:45:00,E3,80.42,87.91,56.78,1806,11.95
2026-01-03 23:50:00,E4,46.2,79.5,32.45,7568,9.99
2026-01-03 23:55:00,E4,76.57,45.03,73.15,404,9.06
2026-01-04 00:00:00,E1,28.68,74.78,46.59,1972,8.83
2026-01-04 00:05:00,E2,97.18,14.05,93.16,7901,12.86
2026-01-04 00:10:00,E1,99.78,57.45,64.66,1063,10.8
2026-01-04 00:15:00,E3,45.4,52.95,98.91,5334,9.89
2026-01-04 00:20:00,E2,73.45,20.2,87.22,5152,9.9
2026-01-04 00:25:00,E1,74.07,54.9,64.63,4955,9.21
2026-01-04 00:30:00,E1,69.28,9.1,22.18,119,10.84
2026-01-04 00:35:00,E1,74.83,25.77,69.54,7309,9.29
2026-01-04 00:40:00,E1,20.43,52.95,61.51,184,6.45
2026-01-04 00:45:00,E4,72.93,17.92,96.76,4483,9.1
2026-01-04 00:50:00,E2,40.26,6.42,67.85,1907,6.1
2026-01-04 00:55:00,E2,26.8,19.12,59.63,2622,4.83
2026-01-04 01:00:00,E2,93.81,92.13,90.43,1174,9.7
2026-01-04 01:05:00,E2,54.98,99.49,12.13,6651,7.47
2026-01-04 01:10:00,E1,54.49,21.74,17.71,6600,8.02
2026-01-04 01:15:00,E3,52.56,44.29,79.53,362,8.86
2026-01-04 01:20:00,E4,27.38,78.85,53.47,1302,7.91
2026-01-04 01:25:00,E4,69.85,83.55,25.56,6733,7.7
2026-01-04 01:30:00,E4,88.87,76.91,43.46,5946,9.38
2026-01-04 01:35:00,E1,77.61,61.17,44.93,1873,10.75
2026-01-04 01:40:00,E3,73.9,48.55,65.11,4171,9.37
2026-01-04 01:45:00,E3,99.27,78.15,64.9,7914,10.05
2026-01-04 01:50:00,E1,79.68,16.56,92.97,2831,11.48
2026-01-04 01:55:00,E3,89.87,36.27,85.2,7429,9.67
2026-01-04 02:00:00,E4,70.97,12.15,73.93,862,8.4
2026-01-04 02:05:00,E2,68.41,8.49,16.89,5855,8.73
2026-01-04 02:10:00,E2,65.19,68.65,13.61,2155,9.3
2026-01-04 02:15:00,E2,67.29,58.48,20.72,2272,8.77
2026-01-04 02:20:00,E2,78.26,54.38,97.14,6135,11.38
2026-01-04 02:25:00,E3,80.39,86.48,75.06,7835,10.85
2026-01-04 02:30:00,E2,81.87,86.17,83.71,5676,10.72
2026-01-04 02:35:00,E4,84.81,13.61,73.79,7257,11.9
2026-01-04 02:40:00,E2,38.9,68.34,38.65,4567,5.75
2026-01-04 02:45:00,E3,37.46,95.85,57.15,4226,8.01
2026-01-04 02:50:00,E3,12.85,29.31,45.14,3060,5.52
2026-01-04 02:55:00,E2,28.77,69.08,46.59,7903,5.31
2026-01-04 03:00:00,E3,30.99,68.43,89.17,7026,5.33
2026-01-04 03:05:00,E4,26.79,39.81,70.11,4661,5.39
2026-01-04 03:10:00,E3,93.95,54.41,39.91,7490,12.25
2026-01-04 03:15:00,E1,40.64,38.07,91.43,2988,6.35
2026-01-04 03:20:00,E1,34.91,48.52,89.27,7036,8.88
2026-01-04 03:25:00,E1,79.31,45.29,78.12,2317,9.36
2026-01-04 03:30:00,E3,16.62,23.84,16.2,630,6.02
2026-01-04 03:35:00,E1,90.81,26.01,90.93,7008,10.76
2026-01-04 03:40:00,E3,62.43,30.03,24.54,2821,10.91
2026-01-04 03:45:00,E3,18.04,78.87,81.79,6158,6.78
2026-01-04 03:50:00,E3,29.09,13.73,97.73,1443,6.29
2026-01-04 03:55:00,E4,53.81,8.34,85.51,2248,7.78
2026-01-04 04:00:00,E3,31.55,22.89,42.89,7275,6.4
2026-01-04 04:05:00,E2,27.22,53.04,23.36,4928,6.32
2026-01-04 04:10:00,E2,59.13,19.75,16.48,6072,8.38
2026-01-04 04:15:00,E3,98.59,36.41,35.95,3978,12.08
2026-01-04 04:20:00,E3,53.35,68.99,49.77,253,9.21
2026-01-04 04:25:00,E3,65.24,71.74,19.76,7406,9.91
2026-01-04 04:30:00,E3,67.82,45.34,20.61,2233,10.75
2026-01-04 04:35:00,E1,51.37,65.59,13.56,4201,7.04
2026-01-04 04:40:00,E2,96.98,30.93,20.33,3935,9.63
2026-01-04 04:45:00,E2,13.6,51.99,74.46,5866,5.22
2026-01-04 04:50:00,E3,75.47,13.29,51.97,4456,10.24
2026-01-04 04:55:00,E3,84.02,66.4,72.98,5303,11.54
2026-01-04 05:00:00,E4,40.34,85.3,24.98,6129,6.55
2026-01-04 05:05:00,E4,38.72,11.6,21.82,200,9.13
2026-01-04 05:10:00,E3,48.05,60.26,64.5,998,7.77
2026-01-04 05:15:00,E3,63.8,6.43,33.5,4908,8.81
2026-01-04 05:20:00,E1,55.45,53.69,76.34,498,6.9
2026-01-04 05:25:00,E1,96.31,63.34,29.42,6882,11.01
2026-01-04 05:30:00,E1,70.39,67.95,64.94,4860,10.17
2026-01-04 05:35:00,E3,76.38,75.52,93.84,3343,10.71
2026-01-04 05:40:00,E4,73.58,41.57,26.98,4296,11.47
2026-01-04 05:45:00,E2,42.72,88.26,47.57,2131,7.49
2026-01-04 05:50:00,E2,98.01,68.1,49.18,4492,10.1
2026-01-04 05:55:00,E1,10.07,67.27,11.42,5402,5.25
2026-01-04 06:00:00,E1,88.66,36.99,61.97,607,11.21
2026-01-04 06:05:00,E1,86.8,21.52,79.6,3628,9.77
2026-01-04 06:10:00,E3,33.95,56.74,10.86,1177,8.05
2026-01-04 06:15:00,E3,84.69,44.54,58.43,1921,9.67
2026-01-04 06:20:00,E1,64.55,97.85,83.3,6626,8.55
2026-01-04 06:25:00,E1,41.25,6.35,44.47,7330,7.62
2026-01-04 06:30:00,E2,69.53,9.74,19.37,979,7.73
2026-01-04 06:35:00,E2,29.44,15.33,50.63,107,8.56
2026-01-04 06:40:00,E4,20.81,54.9,55.23,3748,7.23
2026-01-04 06:45:00,E3,80.77,97.71,69.75,7917,10.63
2026-01-04 06:50:00,E3,65.94,65.25,13.27,7456,10.98
2026-01-04 06:55:00,E4,92.76,76.04,50.97,4909,13.02
2026-01-04 07:00:00,E4,39.03,48.31,39.66,2608,7.55
2026-01-04 07:05:00,E4,68.87,79.76,22.25,4790,11.53
2026-01-04 07:10:00,E3,26.35,96.83,83.52,7121,7.66
2026-01-04 07:15:00,E3,88.48,11.34,34.99,7327,9.58
2026-01-04 07:20:00,E3,61.99,91.21,78.27,7809,9.72
2026-01-04 07:25:00,E2,21.37,39.14,99.39,3090,5.69
2026-01-04 07:30:00,E3,16.15,28.69,77.92,3121,4.2
2026-01-04 07:35:00,E2,16.71,32.78,37.19,5380,5.68
2026-01-04 07:40:00,E4,41.42,25.24,17.87,3243,8.91
2026-01-04 07:45:00,E3,52.57,40.49,35.59,3606,9.97
2026-01-04 07:50:00,E2,63.08,7.42,21.63,2408,9.15
2026-01-04 07:55:00,E3,57.48,53.69,78.38,3260,10.4
2026-01-04 08:00:00,E4,46.47,95.34,57.5,3494,8.79
2026-01-04 08:05:00,E1,11.63,83.57,58.85,5735,5.89
2026-01-04 08:10:00,E3,49.9,75.22,27.2,6615,9.39
2026-01-04 08:15:00,E4,69.63,48.26,42.68,3173,8.67
2026-01-04 08:20:00,E4,54.43,73.29,88.79,6932,7.96
2026-01-04 08:25:00,E3,49.55,72.21,30.06,4724,8.96
2026-01-04 08:30:00,E1,88.48,62.53,93.7,2212,9.17
2026-01-04 08:35:00,E4,52.71,19.6,36.59,7126,10.28
2026-01-04 08:40:00,E4,95.33,13.74,57.7,2168,12.45
2026-01-04 08:45:00,E1,15.32,77.25,79.3,5973,6.55
2026-01-04 08:50:00,E1,84.34,23.54,58.77,4725,8.89
2026-01-04 08:55:00,E3,53.91,8.37,63.33,5186,10.12
2026-01-04 09:00:00,E4,93.39,51.34,91.11,1334,11.04
2026-01-04 09:05:00,E3,66.8,89.49,66.26,6043,8.13
2026-01-04 09:10:00,E3,80.03,11.8,67.37,5366,9.63
2026-01-04 09:15:00,E3,42.57,35.85,75.94,7771,7.71
2026-01-04 09:20:00,E1,30.4,88.07,96.02,1771,5.37
2026-01-04 09:25:00,E2,61.25,41.16,17.11,2223,9.12
2026-01-04 09:30:00,E3,58.93,28.19,28.28,6073,9.5
2026-01-04 09:35:00,E3,22.44,79.6,17.35,1999,7.81
2026-01-04 09:40:00,E1,18.25,36.77,22.62,4828,7.62
2026-01-04 09:45:00,E1,15.38,20.74,14.54,4949,5.61
2026-01-04 09:50:00,E3,46.59,56.28,66.26,6757,7.09
2026-01-04 09:55:00,E1,83.04,30.34,42.12,3342,8.59
2026-01-04 10:00:00,E3,65.88,54.48,46.79,7723,9.28
2026-01-04 10:05:00,E2,51.45,84.62,77.02,7503,6.61
2026-01-04 10:10:00,E1,97.45,83.85,13.72,4828,9.67
2026-01-04 10:15:00,E2,36.36,33.58,47.14,5563,5.54
2026-01-04 10:20:00,E4,62.5,94.14,21.41,7872,8.57
2026-01-04 10:25:00,E3,71.43,60.81,37.46,1096,10.48
2026-01-04 10:30:00,E2,38.58,46.28,28.57,3287,7.28
2026-01-04 10:35:00,E3,57.58,7.41,14.94,2999,10.62
2026-01-04 10:40:00,E3,89.6,90.71,65.03,5422,10.53
2026-01-04 10:45:00,E3,37.11,57.38,66.24,6696,8.49
2026-01-04 10:50:00,E4,16.01,56.65,25.0,4010,6.35
2026-01-04 10:55:00,E3,42.29,62.71,87.72,2524,7.91
2026-01-04 11:00:00,E1,71.9,90.3,63.98,810,11.14
2026-01-04 11:05:00,E1,48.74,43.28,92.02,7189,10.17
2026-01-04 11:10:00,E3,92.48,31.95,33.55,4878,9.26
2026-01-04 11:15:00,E1,24.43,20.45,16.69,1860,6.18
