timestamp,tower_id,users,available_bandwidth_mbps,latency_ms,packet_loss_pct,power_usage_pct,temperature_c
2026-01-01 00:00:00,T5,719,58.86,23.74,3.14,91.93,60.74
2026-01-01 00:05:00,T2,449,74.76,17.72,1.68,49.52,63.14
2026-01-01 00:10:00,T6,86,94.26,14.5,2.77,85.73,56.31
2026-01-01 00:15:00,T4,122,83.93,12.5,0.53,41.46,60.39
2026-01-01 00:20:00,T3,1491,24.88,32.37,4.0,37.75,37.94
2026-01-01 00:25:00,T7,999,59.72,25.28,3.7,42.23,42.46
2026-01-01 00:30:00,T1,1367,22.31,31.73,3.71,65.38,33.39
2026-01-01 00:35:00,T9,1150,35.02,31.7,3.37,45.9,21.35
2026-01-01 00:40:00,T4,1320,40.3,30.7,2.33,31.59,37.15
2026-01-01 00:45:00,T10,537,63.64,23.54,3.22,80.13,23.21
2026-01-01 00:50:00,T2,736,55.33,26.1,2.54,83.39,63.13
2026-01-01 00:55:00,T1,1302,31.99,26.88,3.6,60.46,53.18
2026-01-01 01:00:00,T4,375,80.2,21.87,2.91,46.63,62.36
2026-01-01 01:05:00,T8,98,100.45,15.44,0.55,85.37,51.97
2026-01-01 01:10:00,T3,1461,21.78,29.25,3.93,50.85,53.31
2026-01-01 01:15:00,T2,670,74.65,19.05,1.18,77.99,23.25
2026-01-01 01:20:00,T7,365,76.49,16.22,2.04,39.42,21.77
2026-01-01 01:25:00,T3,1228,32.98,23.4,2.24,34.89,48.06
2026-01-01 01:30:00,T5,1443,23.44,29.47,1.72,72.32,28.54
2026-01-01 01:35:00,T4,163,98.26,13.81,0.38,36.01,54.68
2026-01-01 01:40:00,T2,1312,33.15,32.9,2.7,78.12,55.81
2026-01-01 01:45:00,T6,109,90.6,17.67,0.33,82.56,34.04
2026-01-01 01:50:00,T2,1366,36.83,28.7,4.01,30.87,23.95
2026-01-01 01:55:00,T10,387,72.12,17.57,2.75,45.62,28.2
2026-01-01 02:00:00,T7,827,60.69,18.53,1.96,21.77,49.96
2026-01-01 02:05:00,T7,1286,41.82,27.28,3.88,85.24,35.33
2026-01-01 02:10:00,T5,206,91.11,20.13,2.24,47.9,54.07
2026-01-01 02:15:00,T9,1298,37.93,25.57,2.32,79.32,62.84
2026-01-01 02:20:00,T8,352,78.39,17.43,2.51,71.24,21.42
2026-01-01 02:25:00,T4,1003,40.27,26.47,1.56,92.84,21.43
2026-01-01 02:30:00,T5,1253,39.99,32.97,2.76,86.96,24.07
2026-01-01 02:35:00,T5,1259,32.67,25.72,1.65,24.28,52.96
2026-01-01 02:40:00,T9,171,88.17,12.82,0.45,92.54,44.18
2026-01-01 02:45:00,T10,959,45.51,28.36,1.89,67.67,43.68
2026-01-01 02:50:00,T4,1446,26.48,29.26,3.82,54.57,32.99
2026-01-01 02:55:00,T4,828,56.28,26.3,2.87,29.04,32.71
2026-01-01 03:00:00,T1,1097,38.47,28.32,2.05,84.4,27.96
2026-01-01 03:05:00,T5,350,86.85,18.44,0.92,71.23,62.74
2026-01-01 03:10:00,T2,971,47.9,26.63,1.84,54.92,26.6
2026-01-01 03:15:00,T10,1229,32.75,28.32,3.17,26.51,54.49
2026-01-01 03:20:00,T1,862,50.78,26.57,1.27,38.28,55.19
2026-01-01 03:25:00,T6,558,78.3,20.92,1.77,72.31,26.55
2026-01-01 03:30:00,T5,1146,48.74,24.97,2.56,40.05,31.84
2026-01-01 03:35:00,T8,1262,46.86,32.36,3.57,25.1,64.68
2026-01-01 03:40:00,T8,1299,36.36,31.57,3.6,79.42,50.5
2026-01-01 03:45:00,T7,313,87.8,14.84,2.88,77.49,64.69
2026-01-01 03:50:00,T5,1111,38.16,30.2,2.18,88.09,29.2
2026-01-01 03:55:00,T3,517,64.67,21.59,3.19,72.49,51.45
2026-01-01 04:00:00,T1,51,106.51,17.33,1.75,86.57,34.92
2026-01-01 04:05:00,T9,926,59.4,25.07,3.42,58.97,30.93
2026-01-01 04:10:00,T2,979,42.03,30.04,2.56,30.85,53.44
2026-01-01 04:15:00,T6,1278,30.91,24.48,3.34,43.87,41.19
2026-01-01 04:20:00,T8,242,85.35,13.29,3.09,75.81,27.98
2026-01-01 04:25:00,T4,1352,29.49,27.35,3.54,23.6,60.05
2026-01-01 04:30:00,T6,795,61.84,19.81,1.12,59.64,60.28
2026-01-01 04:35:00,T1,866,65.34,21.18,2.79,21.72,52.52
2026-01-01 04:40:00,T10,591,68.68,20.54,0.61,51.18,51.37
2026-01-01 04:45:00,T5,966,56.06,28.97,2.48,86.93,23.81
2026-01-01 04:50:00,T6,1160,44.87,28.77,1.81,69.98,25.34
2026-01-01 04:55:00,T9,171,91.09,15.89,1.69,37.01,57.13
2026-01-01 05:00:00,T9,1089,53.53,31.56,2.17,87.73,30.31
2026-01-01 05:05:00,T10,1480,27.77,29.69,3.43,37.44,56.74
2026-01-01 05:10:00,T7,1420,36.24,29.65,1.42,38.02,54.03
2026-01-01 05:15:00,T10,431,74.6,14.21,0.67,68.86,22.4
2026-01-01 05:20:00,T5,310,87.32,12.78,0.38,80.36,40.51
2026-01-01 05:25:00,T10,330,91.82,13.84,1.57,49.17,53.12
2026-01-01 05:30:00,T1,1321,43.26,28.24,3.46,75.64,62.97
2026-01-01 05:35:00,T4,637,67.41,19.3,3.38,58.86,44.03
2026-01-01 05:40:00,T7,1301,26.05,32.22,2.17,85.01,20.04
2026-01-01 05:45:00,T2,954,44.4,25.2,1.01,77.08,28.96
2026-01-01 05:50:00,T5,1347,41.99,28.65,2.63,36.72,20.36
2026-01-01 05:55:00,T1,809,49.73,24.12,1.85,84.52,47.95
2026-01-01 06:00:00,T1,847,62.49,20.57,1.92,37.03,24.06
2026-01-01 06:05:00,T6,151,90.71,18.72,0.97,24.82,46.53
2026-01-01 06:10:00,T9,374,71.33,13.44,2.18,92.65,33.95
2026-01-01 06:15:00,T2,523,71.11,24.38,2.08,63.75,22.73
2026-01-01 06:20:00,T10,753,57.12,25.08,3.59,23.35,37.11
2026-01-01 06:25:00,T4,1219,38.59,28.42,3.02,59.84,52.82
2026-01-01 06:30:00,T3,625,63.51,24.86,2.76,29.47,50.39
2026-01-01 06:35:00,T6,1053,49.78,30.41,1.54,45.77,46.83
2026-01-01 06:40:00,T9,914,55.7,24.09,3.33,53.43,31.67
2026-01-01 06:45:00,T9,491,74.18,19.04,2.99,84.94,41.2
2026-01-01 06:50:00,T3,471,66.55,22.87,1.28,84.19,48.71
2026-01-01 06:55:00,T10,270,80.28,17.18,0.73,28.72,47.85
2026-01-01 07:00:00,T3,957,56.31,22.55,2.06,48.97,59.89
2026-01-01 07:05:00,T5,738,66.9,18.26,3.32,78.48,57.27
2026-01-01 07:10:00,T3,279,95.79,13.02,0.6,25.09,35.81
2026-01-01 07:15:00,T7,382,79.73,16.47,1.13,30.12,45.12
2026-01-01 07:20:00,T5,1389,40.09,31.81,3.89,70.57,46.76
2026-01-01 07:25:00,T7,581,78.55,22.66,1.91,46.94,55.32
2026-01-01 07:30:00,T7,762,70.18,26.45,1.03,54.58,58.09
2026-01-01 07:35:00,T5,1056,43.44,23.38,3.78,56.12,41.53
2026-01-01 07:40:00,T2,74,89.07,13.85,0.91,74.95,45.35
2026-01-01 07:45:00,T5,823,62.43,25.37,2.72,90.88,30.15
2026-01-01 07:50:00,T5,184,85.34,13.29,2.44,35.39,43.17
2026-01-01 07:55:00,T7,124,94.26,9.74,0.24,57.16,22.29
2026-01-01 08:00:00,T4,1455,28.81,30.92,2.71,44.66,26.21
2026-01-01 08:05:00,T2,925,50.42,27.01,2.18,21.07,55.23
2026-01-01 08:10:00,T7,667,69.53,17.08,1.72,77.24,34.26
2026-01-01 08:15:00,T6,1408,25.63,31.21,1.18,92.73,50.3
2026-01-01 08:20:00,T6,218,89.48,16.79,1.21,55.37,29.79
2026-01-01 08:25:00,T8,578,68.9,15.41,1.56,22.63,41.68
2026-01-01 08:30:00,T8,239,88.6,13.51,0.77,81.08,34.65
2026-01-01 08:35:00,T4,466,79.01,18.43,2.72,27.82,41.79
2026-01-01 08:40:00,T2,708,62.01,16.95,1.35,86.87,63.83
2026-01-01 08:45:00,T4,808,68.74,27.28,3.13,59.8,44.54
2026-01-01 08:50:00,T10,384,77.27,16.93,0.88,71.44,63.74
2026-01-01 08:55:00,T6,992,55.96,30.18,3.19,25.87,34.39
2026-01-01 09:00:00,T4,1325,41.73,25.07,4.04,83.28,44.42
2026-01-01 09:05:00,T4,175,91.1,10.72,0.49,45.96,51.54
2026-01-01 09:10:00,T8,1427,30.41,30.08,4.15,71.65,36.62
2026-01-01 09:15:00,T1,1220,35.25,27.29,1.24,70.31,40.83
2026-01-01 09:20:00,T2,977,48.35,20.33,3.07,88.04,53.19
2026-01-01 09:25:00,T8,318,76.61,20.38,2.07,43.73,26.45
2026-01-01 09:30:00,T7,477,73.33,19.75,2.43,54.77,47.88
2026-01-01 09:35:00,T6,412,76.75,22.67,1.62,57.33,63.41
2026-01-01 09:40:00,T4,1155,45.97,23.39,2.53,42.47,61.13
2026-01-01 09:45:00,T3,291,80.6,17.22,2.82,89.68,31.07
2026-01-01 09:50:00,T9,963,54.12,23.33,2.9,57.98,38.04
2026-01-01 09:55:00,T1,287,90.97,14.4,1.6,87.21,55.75
2026-01-01 10:00:00,T3,1366,23.18,33.69,2.05,72.3,61.18
2026-01-01 10:05:00,T1,121,93.41,17.41,2.3,71.19,37.32
2026-01-01 10:10:00,T8,855,57.84,26.79,1.55,38.68,38.23
2026-01-01 10:15:00,T3,210,97.39,13.14,0.72,31.06,64.81
2026-01-01 10:20:00,T9,901,60.21,29.0,1.84,22.52,51.09
2026-01-01 10:25:00,T7,267,81.97,15.9,1.37,81.78,20.06
2026-01-01 10:30:00,T3,1024,49.94,25.41,2.6,20.33,52.26
2026-01-01 10:35:00,T3,506,78.03,21.86,1.55,76.62,41.35
2026-01-01 10:40:00,T9,657,60.29,25.22,2.67,58.59,37.86
2026-01-01 10:45:00,T10,769,60.48,20.23,2.23,48.42,50.87
2026-01-01 10:50:00,T10,311,91.37,18.29,2.51,38.11,29.04
2026-01-01 10:55:00,T4,1078,50.93,29.95,2.37,50.61,54.36
2026-01-01 11:00:00,T4,882,59.58,27.02,3.26,42.93,20.19
2026-01-01 11:05:00,T9,1065,41.0,22.06,1.94,81.65,39.59
2026-01-01 11:10:00,T10,1121,48.3,23.14,2.65,30.01,49.07
2026-01-01 11:15:00,T6,1280,30.9,30.99,1.39,56.94,30.3
2026-01-01 11:20:00,T7,169,92.91,11.99,1.04,69.97,58.36
2026-01-01 11:25:00,T3,506,80.53,22.73,2.01,52.94,62.44
2026-01-01 11:30:00,T8,394,82.35,22.74,2.26,55.52,23.5
2026-01-01 11:35:00,T10,1397,24.75,25.78,2.05,63.56,56.15
2026-01-01 11:40:00,T8,921,48.38,27.77,2.7,61.41,22.5
2026-01-01 11:45:00,T9,129,98.31,10.78,0.81,43.44,49.93
2026-01-01 11:50:00,T3,750,66.15,19.31,2.71,73.75,41.57
2026-01-01 11:55:00,T2,929,57.62,26.78,2.99,23.53,59.3
2026-01-01 12:00:00,T8,1152,37.9,31.94,2.36,39.67,47.71
2026-01-01 12:05:00,T6,737,70.3,22.09,2.77,94.67,25.9
2026-01-01 12:10:00,T10,822,57.42,24.81,2.34,33.86,56.06
2026-01-01 12:15:00,T9,1101,54.32,25.21,0.97,48.44,22.25
2026-01-01 12:20:00,T9,803,57.7,26.34,2.08,76.68,25.11
2026-01-01 12:25:00,T8,1138,41.16,30.68,1.46,57.67,42.82
2026-01-01 12:30:00,T2,219,93.52,12.76,1.44,47.05,30.04
2026-01-01 12:35:00,T5,369,88.72,15.52,0.95,52.68,25.0
2026-01-01 12:40:00,T5,1275,27.08,31.67,2.63,30.05,24.28
2026-01-01 12:45:00,T7,259,89.04,14.96,0.82,74.8,34.53
2026-01-01 12:50:00,T9,199,95.85,14.99,2.08,39.02,33.34
2026-01-01 12:55:00,T5,931,49.7,26.42,1.47,73.87,34.75
2026-01-01 13:00:00,T7,1489,24.49,27.77,1.85,23.68,40.33
2026-01-01 13:05:00,T9,1152,36.09,24.04,3.55,23.67,52.26
2026-01-01 13:10:00,T4,177,86.77,16.96,0.41,31.36,51.76
2026-01-01 13:15:00,T2,1347,24.9,27.9,1.49,84.22,51.5
2026-01-01 13:20:00,T8,1403,36.33,27.75,1.65,75.31,38.95
2026-01-01 13:25:00,T1,592,69.7,16.8,1.33,22.65,48.76
2026-01-01 13:30:00,T1,528,80.89,18.05,2.45,69.99,43.82
2026-01-01 13:35:00,T4,1067,51.76,24.47,0.91,31.21,34.25
2026-01-01 13:40:00,T6,1262,41.2,32.52,3.69,32.49,33.21
2026-01-01 13:45:00,T8,1078,46.44,29.69,3.86,64.65,47.89
2026-01-01 13:50:00,T9,1289,27.77,24.93,3.76,93.49,49.17
2026-01-01 13:55:00,T9,455,80.98,21.84,3.03,50.29,35.58
2026-01-01 14:00:00,T6,109,97.37,15.36,0.74,92.21,34.66
2026-01-01 14:05:00,T6,493,67.74,18.29,1.7,82.72,29.99
2026-01-01 14:10:00,T2,1458,34.85,30.36,2.02,84.9,34.45
2026-01-01 14:15:00,T7,719,56.17,23.78,1.65,78.53,34.9
2026-01-01 14:20:00,T9,983,42.31,25.16,2.01,87.08,58.1
2026-01-01 14:25:00,T5,236,86.16,14.29,2.93,71.82,43.84
2026-01-01 14:30:00,T1,904,62.16,19.77,2.82,48.52,54.98
2026-01-01 14:35:00,T2,444,82.24,21.89,0.37,64.79,22.28
2026-01-01 14:40:00,T6,1190,36.87,30.02,3.07,90.89,27.74
2026-01-01 14:45:00,T4,629,66.77,19.63,3.14,38.01,52.36
2026-01-01 14:50:00,T8,529,65.4,17.98,2.82,27.06,24.68
2026-01-01 14:55:00,T5,1191,41.85,29.6,1.96,82.37,43.39
2026-01-01 15:00:00,T6,1458,36.11,29.29,3.36,52.15,59.34
2026-01-01 15:05:00,T3,511,72.65,15.0,2.62,49.52,37.64
2026-01-01 15:10:00,T9,102,92.0,15.28,0.32,83.12,34.0
2026-01-01 15:15:00,T9,293,84.12,15.29,3.19,91.79,45.73
2026-01-01 15:20:00,T1,686,73.23,25.34,3.46,80.25,48.71
2026-01-01 15:25:00,T9,593,76.63,24.59,3.41,58.72,50.24
2026-01-01 15:30:00,T6,61,89.71,18.31,1.5,50.08,61.75
2026-01-01 15:35:00,T8,454,68.57,15.28,2.67,34.44,24.3
2026-01-01 15:40:00,T1,172,88.4,10.83,2.57,56.29,34.09
2026-01-01 15:45:00,T10,208,90.64,18.85,1.75,28.13,55.7
2026-01-01 15:50:00,T2,167,85.21,12.86,1.33,54.75,63.92
2026-01-01 15:55:00,T2,1363,40.82,30.49,2.89,65.19,42.24
2026-01-01 16:00:00,T10,215,81.22,17.58,1.13,42.7,59.78
2026-01-01 16:05:00,T6,333,83.67,17.35,0.68,74.36,60.7
2026-01-01 16:10:00,T10,1051,45.94,29.55,1.01,94.61,36.99
2026-01-01 16:15:00,T8,814,63.11,23.33,2.07,36.78,57.61
2026-01-01 16:20:00,T4,241,83.45,13.93,1.51,89.48,29.03
2026-01-01 16:25:00,T10,720,57.83,24.27,1.47,31.8,41.13
2026-01-01 16:30:00,T10,957,53.07,20.95,2.19,51.82,27.19
2026-01-01 16:35:00,T7,178,97.08,14.48,0.86,30.16,43.62
2026-01-01 16:40:00,T8,1346,25.25,34.24,3.52,40.16,45.36
2026-01-01 16:45:00,T4,1219,47.97,27.35,3.0,88.72,64.17
2026-01-01 16:50:00,T1,152,87.79,13.45,1.1,41.28,42.1
2026-01-01 16:55:00,T10,770,71.33,23.94,2.66,22.13,41.76
2026-01-01 17:00:00,T8,620,63.83,24.46,1.25,32.61,42.79
2026-01-01 17:05:00,T7,686,64.74,23.92,3.52,53.58,43.41
2026-01-01 17:10:00,T7,589,67.49,20.95,2.53,43.07,23.93
2026-01-01 17:15:00,T2,1289,43.63,31.0,3.95,76.1,37.77
2026-01-01 17:20:00,T9,188,88.23,16.46,2.45,39.7,50.59
2026-01-01 17:25:00,T2,336,82.76,14.7,0.47,42.96,56.74
2026-01-01 17:30:00,T10,989,51.28,28.47,0.93,42.24,53.01
2026-01-01 17:35:00,T10,1025,53.04,28.56,2.03,32.26,49.53
2026-01-01 17:40:00,T3,968,56.77,21.1,2.24,65.75,59.12
2026-01-01 17:45:00,T6,1280,35.38,25.65,2.95,53.15,45.41
2026-01-01 17:50:00,T4,319,85.74,20.75,0.6,48.09,47.11
2026-01-01 17:55:00,T3,362,85.88,17.86,0.48,35.73,46.96
2026-01-01 18:00:00,T3,966,57.73,27.66,1.52,21.25,52.93
2026-01-01 18:05:00,T10,869,51.13,25.22,1.84,92.67,47.05
2026-01-01 18:10:00,T5,793,63.31,22.34,2.91,76.44,26.66
2026-01-01 18:15:00,T9,758,67.52,19.04,1.27,27.23,55.76
2026-01-01 18:20:00,T1,370,80.8,17.48,0.49,76.44,47.9
2026-01-01 18:25:00,T5,1074,53.59,26.51,3.7,77.79,43.74
2026-01-01 18:30:00,T8,636,61.71,17.56,2.38,65.65,25.3
2026-01-01 18:35:00,T3,1245,27.91,29.8,3.59,29.84,24.1
2026-01-01 18:40:00,T4,398,75.55,22.26,0.64,23.31,24.81
2026-01-01 18:45:00,T2,1484,33.96,29.97,2.5,94.66,64.3
2026-01-01 18:50:00,T5,694,70.6,21.6,2.41,65.73,63.37
2026-01-01 18:55:00,T1,922,56.44,22.85,2.16,87.36,52.7
2026-01-01 19:00:00,T9,1016,42.0,25.57,0.89,63.84,53.64
2026-01-01 19:05:00,T8,472,70.89,18.6,1.74,60.4,22.09
2026-01-01 19:10:00,T7,992,47.12,26.16,1.34,69.03,39.95
2026-01-01 19:15:00,T9,1373,32.84,26.09,2.05,48.6,34.1
2026-01-01 19:20:00,T7,1221,39.34,26.75,3.25,65.73,22.09
2026-01-01 19:25:00,T8,253,85.5,15.92,0.76,48.1,59.36
2026-01-01 19:30:00,T2,1033,40.63,30.5,1.93,59.9,31.14
2026-01-01 19:35:00,T4,183,96.36,18.42,0.77,66.7,23.0
2026-01-01 19:40:00,T4,1080,46.4,21.56,3.72,68.6,43.04
2026-01-01 19:45:00,T8,989,50.74,28.78,2.99,21.5,23.8
2026-01-01 19:50:00,T2,1031,49.76,29.89,1.44,46.38,22.98
2026-01-01 19:55:00,T5,214,96.83,15.04,1.28,39.37,51.11
2026-01-01 20:00:00,T4,547,64.17,22.71,3.39,32.94,36.09
2026-01-01 20:05:00,T1,816,49.66,22.28,1.28,58.91,60.79
2026-01-01 20:10:00,T3,964,56.07,25.22,2.09,70.04,55.99
2026-01-01 20:15:00,T2,515,79.33,15.94,1.1,76.37,36.67
2026-01-01 20:20:00,T5,478,75.36,16.2,0.69,86.9,38.41
2026-01-01 20:25:00,T8,351,83.61,21.26,1.52,83.82,39.4
2026-01-01 20:30:00,T3,1104,39.59,29.08,2.59,56.87,23.22
2026-01-01 20:35:00,T7,693,67.18,26.12,2.54,52.09,30.15
2026-01-01 20:40:00,T1,957,60.64,21.17,3.19,84.05,25.69
2026-01-01 20:45:00,T3,881,56.89,23.42,2.01,93.48,50.1
2026-01-01 20:50:00,T9,625,70.7,19.54,1.91,52.99,33.16
2026-01-01 20:55:00,T7,1129,52.96,28.52,2.59,53.11,33.19
2026-01-01 21:00:00,T7,462,73.04,16.57,0.85,89.41,64.02
2026-01-01 21:05:00,T8,1310,43.74,27.59,2.71,25.11,55.99
2026-01-01 21:10:00,T10,938,55.99,26.72,1.59,84.59,24.16
2026-01-01 21:15:00,T8,1025,57.07,23.35,2.78,42.28,34.23
2026-01-01 21:20:00,T9,1098,53.11,29.65,3.18,62.74,48.91
2026-01-01 21:25:00,T2,1357,37.06,32.35,3.12,66.01,51.01
2026-01-01 21:30:00,T4,191,88.28,11.96,0.31,58.73,21.99
2026-01-01 21:35:00,T7,1049,56.97,27.63,1.38,62.32,35.44
2026-01-01 21:40:00,T4,218,94.15,15.95,2.19,38.0,40.27
2026-01-01 21:45:00,T8,1280,29.85,33.97,1.62,52.38,37.04
2026-01-01 21:50:00,T5,1000,46.37,26.75,3.77,60.2,41.74
2026-01-01 21:55:00,T2,188,81.68,10.38,2.36,49.8,24.68
2026-01-01 22:00:00,T6,599,67.31,24.46,3.09,20.53,49.89
2026-01-01 22:05:00,T4,1467,33.45,34.4,3.36,49.73,33.19
2026-01-01 22:10:00,T9,312,85.69,19.49,1.26,55.67,50.28
2026-01-01 22:15:00,T5,1017,51.09,29.77,1.57,54.83,27.78
2026-01-01 22:20:00,T3,1195,46.46,24.43,3.89,77.86,63.75
2026-01-01 22:25:00,T7,841,60.12,26.68,2.71,77.04,48.7
2026-01-01 22:30:00,T3,389,80.97,16.47,1.47,31.19,21.19
2026-01-01 22:35:00,T7,916,52.21,23.87,1.78,89.48,38.82
2026-01-01 22:40:00,T9,771,64.65,22.24,1.26,22.81,53.43
2026-01-01 22:45:00,T5,1015,43.89,29.02,3.32,50.96,21.4
2026-01-01 22:50:00,T3,271,77.83,16.42,2.07,22.13,48.82
2026-01-01 22:55:00,T6,1405,29.99,29.23,1.6,58.58,51.86
2026-01-01 23:00:00,T3,841,57.63,24.52,2.76,43.38,62.51
2026-01-01 23:05:00,T8,155,100.8,15.32,1.63,42.51,46.62
2026-01-01 23:10:00,T6,261,83.72,19.25,1.65,49.29,32.68
2026-01-01 23:15:00,T5,1218,48.8,27.25,3.0,31.03,22.78
2026-01-01 23:20:00,T4,731,67.38,27.05,3.04,41.33,32.13
2026-01-01 23:25:00,T9,116,89.74,16.95,2.21,52.1,57.11
2026-01-01 23:30:00,T5,419,74.1,18.62,1.33,64.52,41.04
2026-01-01 23:35:00,T8,1353,32.42,25.22,2.43,34.89,36.77
2026-01-01 23:40:00,T2,1486,31.6,34.87,3.69,60.96,56.33
2026-01-01 23:45:00,T7,959,50.8,20.87,2.19,42.28,22.06
2026-01-01 23:50:00,T10,998,55.54,29.42,2.6,54.82,27.03
2026-01-01 23:55:00,T2,1390,35.96,33.72,3.65,24.28,46.26
2026-01-02 00:00:00,T8,533,69.54,19.04,3.36,20.59,51.27
2026-01-02 00:05:00,T7,712,58.13,17.93,1.38,29.33,46.78
2026-01-02 00:10:00,T7,324,86.95,20.48,2.55,54.0,39.17
2026-01-02 00:15:00,T10,693,63.56,26.09,2.73,84.05,39.53
2026-01-02 00:20:00,T5,957,55.17,24.93,1.63,54.59,20.68
2026-01-02 00:25:00,T3,150,85.23,11.2,1.88,51.89,42.14
2026-01-02 00:30:00,T6,1483,21.74,34.09,2.15,63.96,51.21
2026-01-02 00:35:00,T7,1359,34.68,29.74,3.78,55.01,22.9
2026-01-02 00:40:00,T4,871,51.32,25.1,3.16,89.82,41.08
2026-01-02 00:45:00,T9,1361,31.38,31.47,2.34,22.72,25.18
2026-01-02 00:50:00,T8,954,51.67,29.09,2.81,30.19,37.22
2026-01-02 00:55:00,T4,802,63.27,24.24,3.14,38.29,42.99
2026-01-02 01:00:00,T3,159,93.79,19.33,0.41,88.73,32.98
2026-01-02 01:05:00,T9,710,70.87,23.7,1.67,60.04,56.19
2026-01-02 01:10:00,T9,1389,25.3,25.38,3.37,56.35,64.43
2026-01-02 01:15:00,T3,1419,21.6,27.48,4.0,57.09,41.89
2026-01-02 01:20:00,T10,131,85.98,18.08,1.17,84.17,62.31
2026-01-02 01:25:00,T8,642,68.76,24.95,1.63,32.48,53.09
2026-01-02 01:30:00,T1,1444,26.87,31.25,3.05,90.49,29.45
2026-01-02 01:35:00,T6,240,96.17,14.16,2.46,75.43,60.19
2026-01-02 01:40:00,T9,52,107.31,16.88,1.64,40.83,49.19
2026-01-02 01:45:00,T3,246,82.02,20.78,1.43,32.96,63.5
2026-01-02 01:50:00,T1,952,58.3,20.9,2.32,63.58,54.74
2026-01-02 01:55:00,T9,1436,33.33,28.5,1.57,44.08,34.71
2026-01-02 02:00:00,T5,1469,35.75,32.37,1.41,67.4,43.28
2026-01-02 02:05:00,T8,1373,33.13,27.62,3.51,46.23,64.02
2026-01-02 02:10:00,T6,316,90.59,16.88,2.11,76.45,40.98
2026-01-02 02:15:00,T1,318,81.16,19.49,2.75,25.68,37.82
2026-01-02 02:20:00,T2,356,86.69,16.41,2.16,91.31,62.42
2026-01-02 02:25:00,T4,58,88.57,15.44,0.98,55.13,39.15
2026-01-02 02:30:00,T3,1083,47.35,28.79,1.29,71.11,37.73
2026-01-02 02:35:00,T4,1066,50.97,27.4,3.7,32.05,50.92
2026-01-02 02:40:00,T6,477,76.27,20.58,1.2,56.28,43.24
2026-01-02 02:45:00,T7,604,66.19,23.84,1.2,38.43,23.08
2026-01-02 02:50:00,T4,888,52.36,24.83,2.08,83.43,31.69
2026-01-02 02:55:00,T4,409,78.55,14.14,2.06,32.19,47.54
2026-01-02 03:00:00,T8,1078,50.26,27.03,2.49,44.75,41.07
2026-01-02 03:05:00,T5,534,80.19,24.09,1.26,91.03,42.78
2026-01-02 03:10:00,T4,149,99.83,14.56,2.35,58.54,55.03
2026-01-02 03:15:00,T3,1096,52.11,22.72,1.68,83.12,28.29
2026-01-02 03:20:00,T9,77,97.67,16.93,2.5,87.26,63.86
2026-01-02 03:25:00,T5,78,86.74,13.85,0.1,59.08,38.03
2026-01-02 03:30:00,T6,149,83.26,18.4,0.53,26.95,27.64
2026-01-02 03:35:00,T4,1024,40.35,25.74,1.7,89.64,55.73
2026-01-02 03:40:00,T2,1100,48.34,29.97,3.44,43.81,36.54
2026-01-02 03:45:00,T4,470,84.34,19.03,3.03,92.54,20.32
2026-01-02 03:50:00,T5,500,65.75,16.16,1.48,22.85,51.39
2026-01-02 03:55:00,T9,862,50.98,25.19,2.25,32.73,28.69
2026-01-02 04:00:00,T9,297,83.8,15.25,0.89,69.51,39.61
2026-01-02 04:05:00,T1,1239,38.34,26.09,3.17,75.09,33.7
2026-01-02 04:10:00,T10,413,85.45,18.04,2.56,71.4,42.78
2026-01-02 04:15:00,T3,536,73.55,16.89,2.56,50.32,49.02
2026-01-02 04:20:00,T9,1042,46.64,30.85,1.05,92.17,37.31
2026-01-02 04:25:00,T7,382,81.6,20.41,3.31,53.24,53.79
2026-01-02 04:30:00,T7,822,51.73,28.08,2.38,37.74,45.06
2026-01-02 04:35:00,T5,229,84.65,19.74,0.51,34.98,53.72
2026-01-02 04:40:00,T6,924,59.89,27.45,3.38,44.6,54.69
2026-01-02 04:45:00,T1,1290,28.27,29.23,3.13,54.83,28.37
2026-01-02 04:50:00,T9,160,95.2,17.34,2.96,39.16,27.51
2026-01-02 04:55:00,T9,269,79.18,19.5,0.57,78.64,56.3
2026-01-02 05:00:00,T5,1244,47.61,23.65,3.38,47.69,39.25
2026-01-02 05:05:00,T7,762,53.42,23.26,1.25,36.34,57.71
2026-01-02 05:10:00,T2,253,82.06,20.78,2.22,38.53,23.3
2026-01-02 05:15:00,T8,499,81.32,21.83,1.92,35.38,53.53
2026-01-02 05:20:00,T9,697,66.55,22.77,1.95,24.02,55.55
2026-01-02 05:25:00,T8,412,75.29,21.1,1.11,70.06,38.17
2026-01-02 05:30:00,T7,188,96.46,19.69,0.59,70.7,40.65
2026-01-02 05:35:00,T7,400,85.75,15.5,1.07,45.91,55.03
2026-01-02 05:40:00,T1,449,86.94,14.48,1.31,61.74,21.99
2026-01-02 05:45:00,T6,1369,37.08,33.07,2.07,46.0,35.14
2026-01-02 05:50:00,T5,181,85.49,12.54,2.95,39.59,27.42
2026-01-02 05:55:00,T5,545,71.46,16.49,3.11,68.35,22.36
2026-01-02 06:00:00,T2,204,82.97,12.29,1.56,58.54,31.8
2026-01-02 06:05:00,T9,1278,28.71,32.33,3.1,54.07,32.33
2026-01-02 06:10:00,T10,144,94.16,15.62,2.6,21.52,20.98
2026-01-02 06:15:00,T3,1445,37.17,35.97,1.92,70.25,22.59
2026-01-02 06:20:00,T5,1394,28.99,35.36,3.95,26.23,33.76
2026-01-02 06:25:00,T4,450,80.63,14.13,2.82,52.03,59.93
2026-01-02 06:30:00,T6,205,89.52,13.82,0.92,74.56,20.36
2026-01-02 06:35:00,T7,657,60.57,18.47,2.26,57.5,55.15
2026-01-02 06:40:00,T6,1063,42.69,27.26,2.23,79.23,26.91
2026-01-02 06:45:00,T5,349,77.13,16.91,1.96,77.84,50.13
2026-01-02 06:50:00,T2,1198,45.32,27.65,3.76,74.26,37.11
2026-01-02 06:55:00,T6,946,52.32,25.64,2.66,38.02,61.68
2026-01-02 07:00:00,T2,1227,30.88,26.78,3.3,86.52,28.89
2026-01-02 07:05:00,T4,632,67.45,18.37,2.07,41.47,35.19
2026-01-02 07:10:00,T7,1261,43.22,32.35,3.48,50.6,55.87
2026-01-02 07:15:00,T6,988,50.1,24.9,1.75,21.13,28.78
2026-01-02 07:20:00,T2,1050,52.17,26.16,0.91,24.24,43.98
2026-01-02 07:25:00,T5,1251,29.02,33.05,2.93,67.14,51.21
2026-01-02 07:30:00,T10,940,47.8,26.43,3.63,88.95,50.37
2026-01-02 07:35:00,T8,474,74.45,16.53,3.05,46.22,64.31
2026-01-02 07:40:00,T8,595,77.05,21.4,1.2,44.5,29.29
2026-01-02 07:45:00,T4,624,78.18,18.44,0.62,25.6,63.63
2026-01-02 07:50:00,T3,752,62.19,21.72,2.21,29.08,40.91
2026-01-02 07:55:00,T8,494,71.79,16.42,0.77,85.48,31.41
2026-01-02 08:00:00,T6,135,90.34,13.56,0.89,66.45,23.92
2026-01-02 08:05:00,T8,956,53.26,25.72,2.42,83.93,30.74
2026-01-02 08:10:00,T8,755,69.08,25.83,0.7,83.53,61.11
2026-01-02 08:15:00,T2,182,90.75,10.59,3.02,49.11,60.74
2026-01-02 08:20:00,T10,1378,36.0,31.59,2.47,56.82,37.09
2026-01-02 08:25:00,T4,1440,20.82,35.29,4.0,60.57,38.66
2026-01-02 08:30:00,T3,930,50.96,23.13,3.15,44.72,29.5
2026-01-02 08:35:00,T2,429,76.28,22.78,1.45,34.27,49.57
2026-01-02 08:40:00,T9,1055,50.24,21.83,1.62,32.02,61.04
2026-01-02 08:45:00,T10,1393,39.44,35.35,1.4,90.96,41.59
2026-01-02 08:50:00,T6,1398,24.29,33.06,3.07,67.97,56.39
2026-01-02 08:55:00,T8,810,64.4,22.39,2.76,30.52,50.2
2026-01-02 09:00:00,T4,517,75.98,23.63,1.57,67.32,51.4
2026-01-02 09:05:00,T4,91,88.62,19.08,1.33,67.18,60.74
2026-01-02 09:10:00,T7,105,86.44,14.59,1.9,24.71,50.57
2026-01-02 09:15:00,T3,830,49.02,23.49,3.68,69.07,23.26
2026-01-02 09:20:00,T7,139,99.78,14.26,0.93,31.17,42.22
2026-01-02 09:25:00,T9,701,70.6,24.42,0.87,57.3,58.6
2026-01-02 09:30:00,T8,759,53.87,26.36,2.68,34.27,42.29
2026-01-02 09:35:00,T4,1440,27.19,34.06,3.2,26.6,33.19
2026-01-02 09:40:00,T3,1448,29.89,26.76,2.99,82.6,36.14
2026-01-02 09:45:00,T8,375,85.17,12.77,0.41,30.56,21.89
2026-01-02 09:50:00,T7,486,81.53,18.49,0.63,22.82,44.83
2026-01-02 09:55:00,T2,1099,51.22,23.37,3.16,79.33,49.74
2026-01-02 10:00:00,T4,346,74.53,18.93,2.84,39.9,57.26
2026-01-02 10:05:00,T10,604,65.18,21.6,3.19,20.02,52.67
2026-01-02 10:10:00,T9,1091,53.33,24.19,0.95,59.43,49.16
2026-01-02 10:15:00,T6,1203,31.37,23.85,2.02,80.93,34.34
2026-01-02 10:20:00,T2,443,69.63,20.68,1.79,85.08,57.47
2026-01-02 10:25:00,T1,1369,41.19,32.32,2.87,32.22,40.04
2026-01-02 10:30:00,T5,211,83.08,10.97,0.72,49.04,40.61
2026-01-02 10:35:00,T9,215,98.17,15.28,1.36,59.98,50.81
2026-01-02 10:40:00,T3,512,69.22,21.36,0.74,73.64,30.2
2026-01-02 10:45:00,T5,391,89.97,20.0,2.28,43.51,32.05
2026-01-02 10:50:00,T6,628,72.1,21.28,0.55,48.51,41.4
2026-01-02 10:55:00,T7,951,46.73,20.89,3.75,63.72,26.23
2026-01-02 11:00:00,T1,985,56.9,20.33,3.3,35.18,29.47
2026-01-02 11:05:00,T1,200,97.82,19.04,0.22,69.82,50.9
2026-01-02 11:10:00,T4,376,71.4,22.17,1.29,75.09,43.46
2026-01-02 11:15:00,T7,713,70.3,21.94,3.53,69.64,63.1
2026-01-02 11:20:00,T8,314,86.83,18.81,2.6,51.1,36.68
2026-01-02 11:25:00,T3,73,86.6,12.98,0.07,37.87,53.94
2026-01-02 11:30:00,T1,1270,27.73,24.67,3.11,94.7,36.34
2026-01-02 11:35:00,T7,788,53.69,27.71,0.78,40.37,22.49
2026-01-02 11:40:00,T6,604,66.85,17.64,3.12,34.42,48.2
2026-01-02 11:45:00,T6,1285,44.56,30.76,3.24,53.41,35.75
2026-01-02 11:50:00,T9,671,66.18,21.88,1.12,38.47,28.75
2026-01-02 11:55:00,T3,1162,46.39,24.72,3.61,60.14,52.77
2026-01-02 12:00:00,T1,170,101.43,12.97,2.54,25.84,41.81
2026-01-02 12:05:00,T1,551,67.86,15.52,0.99,80.45,52.56
2026-01-02 12:10:00,T2,405,77.31,18.22,0.44,78.39,37.91
2026-01-02 12:15:00,T3,1074,47.68,27.69,3.86,89.56,25.88
2026-01-02 12:20:00,T9,1155,34.13,27.47,1.89,76.46,23.67
2026-01-02 12:25:00,T6,619,73.52,17.67,2.13,79.71,52.29
2026-01-02 12:30:00,T8,302,92.22,18.63,0.92,66.2,38.41
2026-01-02 12:35:00,T9,678,75.51,22.24,2.02,36.87,24.28
2026-01-02 12:40:00,T1,822,60.65,19.79,2.18,30.11,33.65
2026-01-02 12:45:00,T1,1268,28.49,25.5,1.32,67.69,20.42
2026-01-02 12:50:00,T2,422,83.67,17.34,3.24,64.22,39.87
2026-01-02 12:55:00,T7,515,82.28,18.17,0.64,90.7,55.64
2026-01-02 13:00:00,T2,957,54.61,20.0,0.93,88.77,59.4
2026-01-02 13:05:00,T1,116,101.36,11.19,0.55,51.05,60.7
2026-01-02 13:10:00,T2,1334,26.46,26.58,4.07,67.84,25.58
2026-01-02 13:15:00,T4,531,76.87,16.48,2.25,33.0,46.79
2026-01-02 13:20:00,T7,1348,35.79,33.43,3.79,25.62,44.46
2026-01-02 13:25:00,T6,595,73.83,23.96,1.47,68.25,58.86
2026-01-02 13:30:00,T2,961,53.76,23.62,2.49,55.31,41.26
2026-01-02 13:35:00,T8,80,92.17,13.54,0.98,37.81,29.16
2026-01-02 13:40:00,T8,569,61.69,18.08,2.52,52.29,57.92
2026-01-02 13:45:00,T3,1072,45.96,23.94,1.93,35.19,44.4
2026-01-02 13:50:00,T1,224,93.81,19.63,2.61,79.86,49.55
2026-01-02 13:55:00,T9,415,79.41,21.88,1.0,71.88,28.71
2026-01-02 14:00:00,T1,1285,43.69,30.46,2.7,31.59,36.11
2026-01-02 14:05:00,T2,1124,40.06,22.92,1.64,25.01,61.76
2026-01-02 14:10:00,T4,1076,48.75,30.7,2.64,77.94,22.97
2026-01-02 14:15:00,T2,532,66.23,17.2,1.69,67.81,22.65
2026-01-02 14:20:00,T1,288,75.61,11.62,2.42,69.16,53.72
2026-01-02 14:25:00,T7,1434,33.01,28.08,1.2,42.34,63.72
2026-01-02 14:30:00,T1,1245,39.37,28.33,2.02,66.38,32.73
2026-01-02 14:35:00,T6,1368,26.55,30.94,2.66,66.93,63.16
2026-01-02 14:40:00,T9,302,89.66,11.85,2.59,74.09,25.54
2026-01-02 14:45:00,T7,1025,46.36,26.5,2.52,89.68,45.81
2026-01-02 14:50:00,T6,455,77.17,20.61,1.37,23.99,22.24
2026-01-02 14:55:00,T1,1408,27.75,26.65,2.93,92.74,27.17
2026-01-02 15:00:00,T5,126,94.46,13.66,1.97,39.58,62.92
2026-01-02 15:05:00,T4,614,63.76,19.63,3.18,55.43,51.41
2026-01-02 15:10:00,T4,817,59.62,26.61,2.82,61.8,33.86
2026-01-02 15:15:00,T5,1480,24.73,30.13,3.59,59.24,28.46
2026-01-02 15:20:00,T9,1262,27.71,32.62,2.6,70.31,29.8
2026-01-02 15:25:00,T7,213,94.35,16.15,1.49,89.59,62.1
2026-01-02 15:30:00,T1,355,85.77,20.13,2.68,24.08,55.45
2026-01-02 15:35:00,T10,1175,36.85,27.23,3.36,46.1,50.76
2026-01-02 15:40:00,T4,118,104.02,10.53,1.59,60.42,50.96
2026-01-02 15:45:00,T6,1452,28.87,30.77,3.91,48.53,53.13
2026-01-02 15:50:00,T1,251,80.61,17.4,1.82,27.58,41.06
2026-01-02 15:55:00,T1,1048,56.65,21.74,2.14,60.27,60.39
2026-01-02 16:00:00,T3,1382,34.71,28.7,3.52,87.28,43.06
2026-01-02 16:05:00,T1,1431,22.39,35.03,2.39,52.51,33.22
2026-01-02 16:10:00,T4,259,77.5,12.73,2.99,45.87,36.61
2026-01-02 16:15:00,T3,865,57.63,18.97,3.27,47.94,26.25
2026-01-02 16:20:00,T3,933,55.97,21.08,3.18,82.53,21.85
2026-01-02 16:25:00,T4,1482,21.86,28.28,3.54,53.36,46.42
2026-01-02 16:30:00,T2,382,86.21,16.88,2.78,20.67,54.85
2026-01-02 16:35:00,T6,677,63.48,21.28,1.32,71.69,36.28
2026-01-02 16:40:00,T7,109,88.38,14.11,2.05,48.0,28.37
2026-01-02 16:45:00,T8,486,72.02,20.62,2.29,37.27,58.56
2026-01-02 16:50:00,T5,53,105.21,14.38,1.03,81.25,34.5
2026-01-02 16:55:00,T4,82,91.14,14.33,2.17,37.93,22.88
2026-01-02 17:00:00,T4,733,59.42,19.77,2.39,61.64,43.87
2026-01-02 17:05:00,T6,953,51.86,23.16,1.04,63.37,59.17
2026-01-02 17:10:00,T3,117,95.99,11.61,2.39,31.69,40.48
2026-01-02 17:15:00,T8,267,85.13,18.18,2.89,36.73,62.77
2026-01-02 17:20:00,T7,248,83.84,16.45,1.72,91.79,50.79
2026-01-02 17:25:00,T2,213,91.96,10.95,1.76,45.2,33.33
2026-01-02 17:30:00,T8,104,96.03,17.46,2.79,89.99,58.64
2026-01-02 17:35:00,T8,287,78.99,20.1,2.14,88.52,56.62
2026-01-02 17:40:00,T9,1102,54.34,29.4,3.05,41.74,28.19
2026-01-02 17:45:00,T8,853,49.39,26.94,1.46,27.91,59.76
2026-01-02 17:50:00,T8,1095,40.33,25.03,3.36,52.89,59.41
2026-01-02 17:55:00,T4,204,82.26,18.02,0.87,56.67,34.5
2026-01-02 18:00:00,T7,1349,38.56,28.52,3.99,80.43,31.38
2026-01-02 18:05:00,T3,345,76.44,20.46,2.14,62.68,28.13
2026-01-02 18:10:00,T9,489,82.33,22.14,1.44,42.08,20.57
2026-01-02 18:15:00,T8,1085,50.61,28.49,2.32,50.61,46.31
2026-01-02 18:20:00,T9,1286,37.14,26.73,1.48,51.31,63.34
2026-01-02 18:25:00,T9,788,50.93,22.19,1.86,42.34,51.61
2026-01-02 18:30:00,T8,1286,45.54,25.75,2.65,89.33,27.32
2026-01-02 18:35:00,T1,692,55.6,19.81,1.07,33.71,35.59
2026-01-02 18:40:00,T2,346,87.27,20.48,3.26,35.27,52.15
2026-01-02 18:45:00,T9,455,79.95,21.63,1.62,26.82,44.96
2026-01-02 18:50:00,T8,1284,30.39,25.24,2.29,43.09,34.49
2026-01-02 18:55:00,T6,77,100.88,15.54,1.12,52.18,26.27
2026-01-02 19:00:00,T4,1174,31.58,23.19,2.23,50.67,32.97
2026-01-02 19:05:00,T4,1444,18.77,35.97,2.51,37.08,26.18
2026-01-02 19:10:00,T3,162,82.14,12.82,2.48,43.8,59.18
2026-01-02 19:15:00,T9,1074,54.04,30.12,2.39,72.43,62.18
2026-01-02 19:20:00,T8,1154,48.13,32.16,1.77,32.06,56.41
2026-01-02 19:25:00,T7,667,58.35,19.53,2.99,26.16,37.37
2026-01-02 19:30:00,T8,1076,55.28,27.42,3.61,80.97,59.41
2026-01-02 19:35:00,T10,572,71.02,15.18,2.71,26.16,42.42
2026-01-02 19:40:00,T3,566,67.77,15.93,3.4,26.29,45.55
2026-01-02 19:45:00,T6,918,56.94,25.83,1.01,62.19,43.62
2026-01-02 19:50:00,T4,958,61.56,25.16,1.26,23.16,53.47
2026-01-02 19:55:00,T4,1034,53.31,28.56,3.76,85.5,51.7
2026-01-02 20:00:00,T10,1203,46.18,30.48,1.7,72.43,23.63
2026-01-02 20:05:00,T2,783,65.33,26.5,2.49,91.75,58.31
2026-01-02 20:10:00,T1,824,64.18,24.37,2.87,87.57,33.94
2026-01-02 20:15:00,T2,318,81.89,18.61,0.72,66.75,44.16
2026-01-02 20:20:00,T4,1107,35.63,31.43,1.14,53.96,24.6
2026-01-02 20:25:00,T1,1246,42.81,28.85,4.02,76.43,23.16
2026-01-02 20:30:00,T3,638,67.81,25.95,2.49,61.31,21.24
2026-01-02 20:35:00,T6,250,88.26,17.58,2.07,73.39,26.88
2026-01-02 20:40:00,T3,277,81.3,18.35,2.3,30.35,46.84
2026-01-02 20:45:00,T10,769,59.12,25.52,0.65,29.99,54.28
2026-01-02 20:50:00,T10,952,58.81,21.68,2.67,94.66,63.43
2026-01-02 20:55:00,T4,318,84.07,16.34,2.37,86.42,58.59
2026-01-02 21:00:00,T6,475,83.92,21.55,1.78,86.29,40.28
2026-01-02 21:05:00,T10,961,47.8,24.01,1.38,92.96,38.8
2026-01-02 21:10:00,T4,1312,27.03,25.1,4.07,48.56,61.15
2026-01-02 21:15:00,T10,937,46.1,28.07,3.32,31.56,37.32
2026-01-02 21:20:00,T5,198,95.86,17.14,1.75,87.08,53.11
2026-01-02 21:25:00,T2,530,77.12,20.95,1.32,71.86,30.96
2026-01-02 21:30:00,T5,481,70.8,18.27,2.33,57.58,31.09
2026-01-02 21:35:00,T2,1257,41.8,29.31,4.01,53.34,20.78
2026-01-02 21:40:00,T1,149,93.17,12.28,3.04,31.59,44.55
2026-01-02 21:45:00,T8,514,78.82,21.38,1.38,62.94,50.54
2026-01-02 21:50:00,T4,1315,34.21,26.11,3.25,45.63,50.78
2026-01-02 21:55:00,T5,1497,15.75,28.8,2.29,42.58,55.46
2026-01-02 22:00:00,T4,1306,38.75,34.14,2.79,84.7,45.92
2026-01-02 22:05:00,T5,58,106.12,10.4,2.93,56.85,21.33
2026-01-02 22:10:00,T1,495,84.68,23.53,0.69,80.52,49.62
2026-01-02 22:15:00,T10,1416,21.09,34.99,1.76,31.11,38.2
2026-01-02 22:20:00,T2,247,95.14,19.46,3.16,41.27,61.29
2026-01-02 22:25:00,T7,1326,32.22,25.59,2.31,46.19,21.33
2026-01-02 22:30:00,T2,1017,49.89,23.44,2.22,74.36,49.9
2026-01-02 22:35:00,T1,1387,32.17,28.93,2.38,20.11,47.04
2026-01-02 22:40:00,T1,691,68.24,20.44,3.09,21.88,60.4
2026-01-02 22:45:00,T6,683,74.12,20.14,0.81,64.54,31.15
2026-01-02 22:50:00,T6,798,64.14,19.23,1.06,58.9,31.12
2026-01-02 22:55:00,T1,935,57.29,20.55,1.49,22.0,58.53
2026-01-02 23:00:00,T7,1305,29.68,33.52,2.16,78.78,36.77
2026-01-02 23:05:00,T4,710,58.68,21.72,1.7,89.61,49.68
2026-01-02 23:10:00,T10,1275,35.15,25.75,1.8,28.66,37.75
2026-01-02 23:15:00,T7,367,80.19,13.07,2.25,29.04,54.24
2026-01-02 23:20:00,T9,102,94.78,14.1,1.14,32.75,24.89
2026-01-02 23:25:00,T9,1206,32.41,26.77,3.58,65.21,29.19
2026-01-02 23:30:00,T8,1266,32.98,25.58,3.39,70.08,56.08
2026-01-02 23:35:00,T1,585,69.89,19.38,2.92,39.84,60.44
2026-01-02 23:40:00,T10,632,75.84,19.98,1.07,66.48,35.84
2026-01-02 23:45:00,T10,495,82.29,22.64,0.41,39.86,48.5
2026-01-02 23:50:00,T4,1301,39.3,25.75,4.01,58.7,56.43
2026-01-02 23:55:00,T8,1231,31.02,30.17,1.15,32.71,48.62
2026-01-03 00:00:00,T8,964,50.34,23.93,3.05,56.06,29.82
2026-01-03 00:05:00,T10,929,46.57,24.29,0.96,35.61,40.52
2026-01-03 00:10:00,T7,1191,36.86,23.78,3.82,62.64,55.88
2026-01-03 00:15:00,T8,1284,33.21,32.19,1.51,71.21,51.73
2026-01-03 00:20:00,T3,390,87.02,22.37,1.13,71.61,36.79
2026-01-03 00:25:00,T9,1327,42.05,26.25,3.67,27.9,56.69
2026-01-03 00:30:00,T3,1430,34.88,30.34,1.21,32.4,50.96
2026-01-03 00:35:00,T5,378,86.7,16.41,3.28,27.22,20.29
2026-01-03 00:40:00,T4,1057,55.81,30.75,2.84,38.67,57.13
2026-01-03 00:45:00,T9,914,51.58,23.7,2.31,84.6,44.37
2026-01-03 00:50:00,T7,371,78.96,22.09,0.75,65.62,42.31
2026-01-03 00:55:00,T10,1136,38.56,29.35,2.1,62.63,29.27
2026-01-03 01:00:00,T4,495,68.73,14.59,2.08,82.26,28.85
2026-01-03 01:05:00,T8,859,63.38,22.13,1.04,73.95,45.99
2026-01-03 01:10:00,T2,1018,42.49,26.62,1.81,61.29,46.81
2026-01-03 01:15:00,T2,266,81.85,18.4,2.34,89.39,27.57
2026-01-03 01:20:00,T2,1433,20.45,28.61,2.51,38.86,63.14
2026-01-03 01:25:00,T9,1210,36.85,28.52,1.87,84.47,32.52
2026-01-03 01:30:00,T4,115,90.59,12.62,1.53,37.42,32.06
2026-01-03 01:35:00,T7,1028,56.86,20.93,2.31,21.65,38.72
2026-01-03 01:40:00,T5,1020,41.09,24.88,2.89,21.8,57.79
2026-01-03 01:45:00,T2,1451,28.53,27.85,3.75,70.93,61.49
2026-01-03 01:50:00,T1,941,55.22,29.55,2.87,24.73,38.58
2026-01-03 01:55:00,T1,1033,47.87,21.7,2.34,87.61,46.64
2026-01-03 02:00:00,T5,1310,35.29,32.22,2.91,88.18,58.67
2026-01-03 02:05:00,T7,510,66.16,16.38,1.96,30.12,52.03
2026-01-03 02:10:00,T7,102,103.18,14.24,2.02,36.42,28.38
2026-01-03 02:15:00,T9,964,57.28,20.66,2.9,64.63,60.51
2026-01-03 02:20:00,T5,1118,45.47,25.71,1.78,75.09,23.16
2026-01-03 02:25:00,T1,1189,44.55,30.09,1.56,80.46,48.66
2026-01-03 02:30:00,T8,1349,35.91,29.12,2.08,78.42,54.46
2026-01-03 02:35:00,T6,714,54.48,21.9,3.47,77.99,52.9
2026-01-03 02:40:00,T2,853,59.8,25.42,3.59,61.24,49.75
2026-01-03 02:45:00,T8,249,79.34,13.42,2.16,67.1,57.52
2026-01-03 02:50:00,T7,1310,28.29,27.01,3.13,42.4,39.49
2026-01-03 02:55:00,T4,868,46.64,25.01,3.31,75.28,59.89
2026-01-03 03:00:00,T1,207,87.54,11.21,2.19,66.11,54.96
2026-01-03 03:05:00,T8,340,88.74,16.6,3.01,79.25,58.73
2026-01-03 03:10:00,T8,927,60.91,24.33,1.43,94.87,38.0
2026-01-03 03:15:00,T5,1014,50.03,22.36,1.47,92.16,53.16
2026-01-03 03:20:00,T3,65,102.8,12.69,0.22,28.5,27.15
2026-01-03 03:25:00,T8,1197,45.8,24.04,1.54,49.85,39.91
2026-01-03 03:30:00,T10,539,68.02,24.44,2.24,82.79,39.07
2026-01-03 03:35:00,T9,1383,28.7,29.37,4.12,59.69,36.58
2026-01-03 03:40:00,T5,1315,43.48,28.74,3.04,38.13,33.78
2026-01-03 03:45:00,T5,1380,37.13,32.32,2.72,66.95,38.53
2026-01-03 03:50:00,T5,1392,29.6,32.01,2.33,35.49,23.77
2026-01-03 03:55:00,T6,1083,52.24,30.37,2.77,41.85,53.91
2026-01-03 04:00:00,T10,912,45.2,25.67,3.64,88.78,48.58
2026-01-03 04:05:00,T2,425,69.58,15.64,2.26,46.07,47.83
2026-01-03 04:10:00,T5,644,64.91,22.45,2.84,75.61,44.01
2026-01-03 04:15:00,T7,1143,40.86,26.71,3.14,43.88,42.77
2026-01-03 04:20:00,T9,580,64.87,16.42,2.28,86.72,30.99
2026-01-03 04:25:00,T8,955,43.85,25.38,3.44,59.58,61.11
2026-01-03 04:30:00,T10,1181,49.49,22.78,3.1,26.38,48.3
2026-01-03 04:35:00,T8,995,51.25,22.35,0.97,28.1,62.41
2026-01-03 04:40:00,T1,981,49.65,26.9,2.33,52.45,32.68
2026-01-03 04:45:00,T8,619,70.58,19.65,1.13,94.82,34.45
2026-01-03 04:50:00,T2,1156,51.6,26.61,2.46,86.72,38.5
2026-01-03 04:55:00,T6,1235,37.21,32.44,3.92,84.88,31.44
2026-01-03 05:00:00,T1,1132,48.69,31.03,3.35,85.82,47.2
2026-01-03 05:05:00,T8,176,84.62,13.72,1.43,61.65,46.24
2026-01-03 05:10:00,T9,986,44.5,27.81,3.36,50.91,56.28
2026-01-03 05:15:00,T9,491,77.36,17.08,1.03,84.21,41.84
2026-01-03 05:20:00,T7,196,87.36,18.69,1.26,72.18,27.61
2026-01-03 05:25:00,T7,568,67.73,19.04,3.38,47.02,46.38
2026-01-03 05:30:00,T3,725,64.8,26.69,2.19,54.78,27.43
2026-01-03 05:35:00,T5,503,75.15,23.27,2.38,44.89,30.71
2026-01-03 05:40:00,T4,297,94.58,18.38,1.68,74.07,46.19
2026-01-03 05:45:00,T2,1165,37.05,23.41,1.5,64.09,57.33
2026-01-03 05:50:00,T3,400,76.39,20.05,0.79,37.23,39.11
2026-01-03 05:55:00,T8,566,74.25,22.0,2.1,63.55,27.53
2026-01-03 06:00:00,T8,1402,25.52,30.92,3.86,72.44,63.83
2026-01-03 06:05:00,T2,202,98.08,12.54,0.42,73.78,61.6
2026-01-03 06:10:00,T6,1279,40.55,29.94,3.49,69.82,63.33
2026-01-03 06:15:00,T10,400,73.57,18.86,1.04,31.31,45.35
2026-01-03 06:20:00,T6,1131,36.43,30.42,1.42,29.68,64.2
2026-01-03 06:25:00,T2,359,91.9,18.12,2.63,35.14,55.78
2026-01-03 06:30:00,T3,916,62.79,26.4,3.39,46.16,47.58
2026-01-03 06:35:00,T6,597,61.54,19.47,0.73,66.55,33.93
2026-01-03 06:40:00,T2,551,70.36,22.79,1.19,20.69,22.88
2026-01-03 06:45:00,T5,649,69.84,17.64,3.45,88.43,50.4
2026-01-03 06:50:00,T4,1192,37.76,25.43,3.26,75.56,31.75
2026-01-03 06:55:00,T8,408,70.81,19.56,0.69,35.38,49.83
2026-01-03 07:00:00,T3,108,102.76,15.21,2.36,63.95,49.78
2026-01-03 07:05:00,T6,1484,32.96,28.26,2.35,29.58,40.31
2026-01-03 07:10:00,T10,412,84.0,16.23,1.1,57.29,63.11
2026-01-03 07:15:00,T6,1443,30.2,33.21,3.89,49.44,22.54
2026-01-03 07:20:00,T6,918,54.51,22.51,2.17,76.73,43.39
2026-01-03 07:25:00,T4,1258,31.67,29.25,1.36,46.77,48.41
2026-01-03 07:30:00,T10,333,75.15,17.23,2.91,67.58,27.54
2026-01-03 07:35:00,T5,1356,24.78,30.19,3.19,90.33,44.77
2026-01-03 07:40:00,T7,881,60.19,26.42,1.72,39.21,26.92
2026-01-03 07:45:00,T6,201,98.45,18.26,0.44,92.31,30.89
2026-01-03 07:50:00,T9,1497,22.03,30.93,3.78,32.61,31.51
2026-01-03 07:55:00,T8,178,87.52,18.78,1.28,34.43,48.65
2026-01-03 08:00:00,T10,657,66.63,21.97,3.22,87.85,29.25
2026-01-03 08:05:00,T1,801,66.55,20.75,3.44,27.21,38.51
2026-01-03 08:10:00,T8,1462,23.01,34.39,1.28,54.15,21.67
2026-01-03 08:15:00,T2,722,66.7,21.41,3.32,73.68,26.73
2026-01-03 08:20:00,T5,1288,29.24,25.36,1.16,74.5,64.27
2026-01-03 08:25:00,T4,1376,31.06,30.05,3.59,37.16,27.37
2026-01-03 08:30:00,T7,950,47.37,28.14,3.43,92.32,46.94
2026-01-03 08:35:00,T8,596,76.63,20.42,0.97,71.71,25.37
2026-01-03 08:40:00,T10,1290,42.03,25.34,3.23,33.54,39.87
2026-01-03 08:45:00,T7,454,86.97,18.84,1.17,48.75,45.5
2026-01-03 08:50:00,T6,431,82.27,21.41,2.84,32.09,47.06
2026-01-03 08:55:00,T2,1032,45.46,21.98,3.64,52.25,54.26
2026-01-03 09:00:00,T2,255,89.94,11.24,2.78,37.53,47.78
2026-01-03 09:05:00,T7,544,82.6,20.77,1.89,32.14,58.36
2026-01-03 09:10:00,T4,359,82.61,17.05,2.64,85.39,58.31
2026-01-03 09:15:00,T10,200,86.22,18.87,2.85,24.75,62.2
2026-01-03 09:20:00,T1,397,71.46,20.95,1.07,67.95,34.72
2026-01-03 09:25:00,T8,989,47.03,25.65,3.29,27.28,28.8
2026-01-03 09:30:00,T7,220,92.72,15.55,3.18,75.05,29.42
2026-01-03 09:35:00,T6,1012,45.07,24.93,1.19,84.0,33.71
2026-01-03 09:40:00,T3,1308,26.39,31.31,3.94,83.78,53.1
2026-01-03 09:45:00,T1,1249,27.89,31.88,2.18,40.41,29.59
2026-01-03 09:50:00,T1,693,66.69,18.54,3.17,41.28,57.78
2026-01-03 09:55:00,T4,1351,22.56,33.99,3.0,91.71,32.04
2026-01-03 10:00:00,T7,1223,40.54,33.03,3.73,57.74,28.17
2026-01-03 10:05:00,T9,402,83.57,17.25,2.45,86.36,23.98
2026-01-03 10:10:00,T6,957,57.53,28.89,2.11,60.83,59.13
2026-01-03 10:15:00,T4,818,66.31,26.61,1.52,82.04,33.91
2026-01-03 10:20:00,T8,1237,41.6,27.53,1.27,93.22,26.74
2026-01-03 10:25:00,T5,1146,45.04,28.03,2.08,90.48,63.42
2026-01-03 10:30:00,T7,1370,27.34,33.79,2.07,34.54,21.83
2026-01-03 10:35:00,T5,313,74.79,19.13,2.58,48.81,50.26
2026-01-03 10:40:00,T6,656,76.41,26.17,2.6,33.02,64.96
2026-01-03 10:45:00,T7,242,86.74,13.32,2.45,30.23,46.94
2026-01-03 10:50:00,T7,1055,47.63,29.08,2.6,39.62,25.12
2026-01-03 10:55:00,T3,1145,33.96,25.98,2.7,74.39,35.36
2026-01-03 11:00:00,T1,194,95.09,14.13,2.68,68.76,30.15
2026-01-03 11:05:00,T1,806,51.54,19.51,2.57,61.21,42.46
2026-01-03 11:10:00,T5,1201,32.4,31.11,3.99,83.76,39.85
2026-01-03 11:15:00,T3,754,63.99,26.43,1.74,62.96,33.93
2026-01-03 11:20:00,T5,697,60.76,25.11,3.49,68.56,48.1
2026-01-03 11:25:00,T5,1191,33.29,30.24,2.6,40.03,34.59
2026-01-03 11:30:00,T10,996,53.69,25.02,3.61,77.88,52.2
2026-01-03 11:35:00,T7,672,65.43,18.6,2.26,60.26,39.23
2026-01-03 11:40:00,T1,1292,42.51,32.71,1.13,70.27,53.1
2026-01-03 11:45:00,T6,255,83.35,17.86,1.6,48.14,31.46
2026-01-03 11:50:00,T5,1129,52.17,29.22,2.1,30.85,35.64
2026-01-03 11:55:00,T4,816,58.47,22.02,2.82,55.91,28.88
2026-01-03 12:00:00,T5,412,87.05,13.28,1.2,86.14,42.78
2026-01-03 12:05:00,T1,454,77.03,14.07,3.05,80.1,43.64
2026-01-03 12:10:00,T1,85,96.48,12.15,1.97,79.92,24.63
2026-01-03 12:15:00,T5,969,57.52,23.5,2.79,27.52,45.08
2026-01-03 12:20:00,T5,732,73.35,21.71,2.58,51.27,35.05
2026-01-03 12:25:00,T5,278,78.36,19.0,1.88,34.41,47.68
2026-01-03 12:30:00,T3,1208,44.84,24.39,3.59,53.27,42.25
2026-01-03 12:35:00,T5,487,67.1,18.29,2.83,91.94,31.48
2026-01-03 12:40:00,T5,1454,18.86,29.3,2.59,50.14,22.74
2026-01-03 12:45:00,T3,304,87.4,12.78,2.37,68.92,30.87
2026-01-03 12:50:00,T5,1178,44.88,24.59,1.38,42.99,63.29
2026-01-03 12:55:00,T8,286,86.89,12.94,0.43,84.23,47.89
2026-01-03 13:00:00,T5,1005,50.95,30.0,2.82,42.14,62.37
2026-01-03 13:05:00,T9,829,65.48,24.62,1.69,66.77,42.91
2026-01-03 13:10:00,T3,227,80.19,17.88,2.72,48.17,27.91
2026-01-03 13:15:00,T5,736,69.41,17.22,2.79,70.93,34.0
2026-01-03 13:20:00,T10,599,73.57,25.19,2.58,45.07,50.08
2026-01-03 13:25:00,T1,371,72.38,13.26,2.67,89.82,44.23
2026-01-03 13:30:00,T7,274,94.64,20.81,1.79,72.02,30.99
2026-01-03 13:35:00,T5,267,84.87,14.67,2.95,76.98,47.05
2026-01-03 13:40:00,T8,1052,37.84,29.95,3.13,20.07,23.96
2026-01-03 13:45:00,T10,573,80.69,21.79,3.32,32.26,44.86
2026-01-03 13:50:00,T2,352,80.33,16.35,0.52,45.61,43.07
2026-01-03 13:55:00,T2,959,61.84,25.03,3.45,36.37,42.71
2026-01-03 14:00:00,T8,556,80.99,20.75,1.28,67.9,60.45
2026-01-03 14:05:00,T5,766,55.41,21.31,0.91,57.16,43.19
2026-01-03 14:10:00,T1,695,63.1,26.26,1.94,64.17,56.04
2026-01-03 14:15:00,T9,1465,24.66,29.26,2.17,23.11,55.77
2026-01-03 14:20:00,T7,984,57.73,20.53,3.5,94.96,55.8
2026-01-03 14:25:00,T1,957,42.84,28.86,1.47,43.42,62.47
2026-01-03 14:30:00,T10,371,79.1,18.81,0.48,58.43,59.49
2026-01-03 14:35:00,T3,1148,48.84,29.62,3.5,20.55,52.41
2026-01-03 14:40:00,T4,1014,40.21,30.17,2.51,32.09,52.89
2026-01-03 14:45:00,T6,1210,33.12,29.51,2.82,24.9,30.03
2026-01-03 14:50:00,T10,1448,21.85,28.42,1.61,93.83,36.72
2026-01-03 14:55:00,T8,1308,42.3,24.49,2.58,56.3,33.65
2026-01-03 15:00:00,T6,150,88.37,14.81,1.02,23.73,62.23
2026-01-03 15:05:00,T3,1500,25.57,35.9,1.34,45.04,45.75
2026-01-03 15:10:00,T9,635,67.69,17.38,3.0,80.61,40.09
2026-01-03 15:15:00,T3,833,50.23,20.5,2.69,61.1,33.72
2026-01-03 15:20:00,T1,182,83.33,17.06,1.71,85.3,42.91
2026-01-03 15:25:00,T1,140,92.43,19.48,2.36,39.47,32.8
2026-01-03 15:30:00,T4,905,64.69,27.42,1.18,69.65,35.03
2026-01-03 15:35:00,T4,964,60.29,20.63,2.34,42.87,50.78
2026-01-03 15:40:00,T4,607,70.91,15.97,1.05,22.48,25.54
2026-01-03 15:45:00,T10,1265,37.17,32.29,2.95,76.58,58.84
2026-01-03 15:50:00,T6,669,60.06,25.24,0.94,27.1,59.62
2026-01-03 15:55:00,T3,1063,40.0,21.61,2.17,70.27,38.07
2026-01-03 16:00:00,T4,1000,55.06,27.68,1.15,37.29,64.03
2026-01-03 16:05:00,T2,589,64.74,20.96,1.59,68.71,63.15
2026-01-03 16:10:00,T2,312,93.46,20.99,1.16,65.55,23.64
2026-01-03 16:15:00,T7,847,62.15,27.18,1.4,24.08,52.48
2026-01-03 16:20:00,T9,738,56.03,22.09,0.85,58.91,20.21
2026-01-03 16:25:00,T7,388,80.52,14.08,1.48,92.41,61.2
2026-01-03 16:30:00,T5,830,60.99,19.61,0.93,72.66,45.04
2026-01-03 16:35:00,T9,673,71.04,25.64,1.26,41.02,33.24
2026-01-03 16:40:00,T9,1227,35.73,31.78,2.53,77.27,24.91
2026-01-03 16:45:00,T9,1370,33.11,33.81,1.27,63.44,32.11
2026-01-03 16:50:00,T10,847,56.42,23.02,3.19,57.79,37.97
2026-01-03 16:55:00,T10,663,72.28,22.73,3.43,59.82,50.83
2026-01-03 17:00:00,T2,1038,42.72,21.87,3.83,28.65,64.49
2026-01-03 17:05:00,T1,1226,43.81,26.51,2.2,31.83,55.37
2026-01-03 17:10:00,T1,310,77.8,18.27,3.02,37.87,20.05
2026-01-03 17:15:00,T9,56,88.94,8.75,1.56,84.92,62.22
2026-01-03 17:20:00,T3,1035,41.97,23.94,3.2,88.04,45.0
2026-01-03 17:25:00,T8,140,84.44,13.49,0.6,63.98,26.48
2026-01-03 17:30:00,T8,398,78.75,18.4,2.72,59.66,26.33
2026-01-03 17:35:00,T9,296,84.07,15.89,2.07,24.99,40.02
2026-01-03 17:40:00,T3,898,55.75,27.43,3.27,35.69,25.26
2026-01-03 17:45:00,T2,958,45.45,27.88,1.67,90.7,27.41
2026-01-03 17:50:00,T4,1088,40.6,28.5,1.5,67.8,52.98
2026-01-03 17:55:00,T10,651,71.43,21.22,1.01,58.9,56.01
2026-01-03 18:00:00,T5,1038,55.48,27.51,2.01,91.36,55.86
2026-01-03 18:05:00,T8,1224,42.8,28.25,1.98,71.58,46.82
2026-01-03 18:10:00,T3,1206,29.75,25.56,1.38,93.66,49.2
2026-01-03 18:15:00,T9,729,72.85,24.94,0.63,30.41,38.36
2026-01-03 18:20:00,T4,387,84.33,17.39,2.48,56.44,27.53
2026-01-03 18:25:00,T9,1094,37.23,29.16,1.38,69.01,53.73
2026-01-03 18:30:00,T2,1171,42.15,30.08,2.75,61.94,63.43
2026-01-03 18:35:00,T4,792,59.51,24.34,2.57,32.76,60.74
2026-01-03 18:40:00,T4,804,54.44,25.33,0.89,23.38,20.04
2026-01-03 18:45:00,T10,700,70.06,25.36,0.65,89.14,24.62
2026-01-03 18:50:00,T9,219,89.17,16.44,2.92,26.08,63.35
2026-01-03 18:55:00,T1,548,81.87,15.86,3.24,45.39,48.59
2026-01-03 19:00:00,T9,372,87.81,14.59,1.03,89.86,60.46
2026-01-03 19:05:00,T10,393,86.66,15.01,2.8,28.56,33.59
2026-01-03 19:10:00,T3,779,69.13,24.11,2.25,89.47,46.72
2026-01-03 19:15:00,T2,971,58.27,27.03,2.66,50.8,40.25
2026-01-03 19:20:00,T3,821,63.79,20.72,0.99,56.51,28.86
2026-01-03 19:25:00,T5,726,68.33,22.57,3.06,56.66,64.82
2026-01-03 19:30:00,T3,537,67.27,18.42,1.75,73.67,52.34
2026-01-03 19:35:00,T9,1075,40.25,23.49,2.97,42.33,56.08
2026-01-03 19:40:00,T6,636,74.98,22.89,2.44,75.47,26.51
2026-01-03 19:45:00,T10,503,75.48,23.99,3.3,50.16,30.44
2026-01-03 19:50:00,T8,353,89.31,15.63,1.73,74.53,35.2
2026-01-03 19:55:00,T2,546,77.29,20.62,3.14,85.69,28.78
2026-01-03 20:00:00,T9,1442,20.5,29.47,1.79,47.01,21.2
2026-01-03 20:05:00,T5,673,66.84,25.5,1.29,34.59,50.96
2026-01-03 20:10:00,T6,1286,43.29,33.76,3.06,32.29,25.98
2026-01-03 20:15:00,T2,185,82.14,13.34,2.2,91.29,31.49
2026-01-03 20:20:00,T8,1365,26.3,28.55,2.19,59.15,55.38
2026-01-03 20:25:00,T5,381,75.91,16.92,1.99,39.69,57.78
2026-01-03 20:30:00,T4,329,80.23,17.37,0.98,43.23,26.86
2026-01-03 20:35:00,T10,1420,38.82,33.42,2.79,35.77,50.8
2026-01-03 20:40:00,T5,1171,39.64,30.41,2.74,45.31,28.7
2026-01-03 20:45:00,T3,674,72.05,17.71,3.03,58.36,61.82
2026-01-03 20:50:00,T9,686,69.82,21.83,2.23,41.73,52.29
2026-01-03 20:55:00,T5,395,73.15,20.18,2.79,66.48,32.23
2026-01-03 21:00:00,T10,1278,30.3,27.34,3.22,86.52,34.75
2026-01-03 21:05:00,T3,390,75.46,15.85,1.36,21.85,64.27
2026-01-03 21:10:00,T6,290,77.79,19.27,2.86,90.82,55.74
2026-01-03 21:15:00,T5,1075,46.01,25.26,2.25,22.0,48.58
2026-01-03 21:20:00,T3,1024,51.12,30.02,2.11,49.03,44.7
2026-01-03 21:25:00,T2,1126,50.35,29.62,1.48,67.45,54.59
2026-01-03 21:30:00,T9,1130,38.64,26.79,2.73,36.91,22.81
2026-01-03 21:35:00,T9,731,72.28,22.12,0.69,61.64,61.69
2026-01-03 21:40:00,T5,1018,39.93,29.06,1.66,89.15,31.76
2026-01-03 21:45:00,T5,1488,18.76,31.2,1.31,77.15,36.34
2026-01-03 21:50:00,T7,670,62.52,19.15,2.93,68.97,46.21
2026-01-03 21:55:00,T10,1368,39.76,27.0,3.22,89.88,46.1
2026-01-03 22:00:00,T3,521,64.58,19.46,2.87,53.98,64.99
2026-01-03 22:05:00,T5,947,57.97,21.7,1.57,23.24,42.41
2026-01-03 22:10:00,T8,1125,45.94,29.77,2.47,32.79,47.44
2026-01-03 22:15:00,T4,1365,24.8,33.3,2.54,86.65,57.55
2026-01-03 22:20:00,T3,434,85.19,14.64,1.39,79.79,48.24
2026-01-03 22:25:00,T1,204,92.83,16.69,0.28,21.77,51.33
2026-01-03 22:30:00,T2,1321,25.58,33.26,3.62,36.15,21.37
2026-01-03 22:35:00,T3,1494,23.3,31.64,2.05,74.05,49.29
2026-01-03 22:40:00,T9,621,62.79,18.83,0.88,26.86,21.68
2026-01-03 22:45:00,T1,742,55.89,25.71,1.71,89.25,32.45
2026-01-03 22:50:00,T1,857,60.33,21.91,1.07,71.36,30.44
2026-01-03 22:55:00,T8,97,98.09,16.44,1.65,55.82,52.75
2026-01-03 23:00:00,T10,83,91.0,18.77,1.07,45.72,59.06
2026-01-03 23:05:00,T10,393,82.0,15.05,1.77,58.68,33.89
2026-01-03 23:10:00,T8,264,89.12,21.0,1.59,89.94,22.42
2026-01-03 23:15:00,T6,769,64.29,22.78,1.14,25.59,43.62
2026-01-03 23:20:00,T9,653,68.25,20.55,2.67,45.72,42.07
2026-01-03 23:25:00,T2,1117,46.15,27.69,3.53,75.55,37.5
2026-01-03 23:30:00,T7,1433,26.74,27.38,3.05,93.85,60.03
2026-01-03 23:35:00,T10,1490,20.18,26.84,3.18,55.59,36.72
2026-01-03 23:40:00,T9,870,60.12,22.26,0.78,92.19,63.68
2026-01-03 23:45:00,T8,271,79.46,13.47,0.87,58.06,37.79
2026-01-03 23:50:00,T6,887,54.6,22.25,0.96,69.17,39.88
2026-01-03 23:55:00,T5,122,100.17,13.02,1.55,28.93,33.05
2026-01-04 00:00:00,T9,1247,34.69,25.18,3.1,69.06,33.05
2026-01-04 00:05:00,T2,541,75.21,23.41,1.41,21.9,38.81
2026-01-04 00:10:00,T6,457,69.42,20.83,2.5,68.25,42.43
2026-01-04 00:15:00,T9,1149,50.47,31.6,2.02,58.68,60.54
2026-01-04 00:20:00,T1,103,98.78,13.13,1.45,78.39,24.85
2026-01-04 00:25:00,T7,1305,41.16,28.34,2.0,30.27,42.65
2026-01-04 00:30:00,T10,712,69.87,20.21,2.78,92.15,22.44
2026-01-04 00:35:00,T4,1164,39.12,24.38,2.24,23.34,39.53
2026-01-04 00:40:00,T1,778,64.36,21.38,1.84,87.45,63.37
2026-01-04 00:45:00,T9,1335,40.45,34.19,2.68,59.44,29.07
2026-01-04 00:50:00,T1,1289,28.78,29.66,2.5,84.92,51.71
2026-01-04 00:55:00,T10,1225,46.2,29.47,1.61,23.01,23.2
2026-01-04 01:00:00,T10,711,61.25,23.62,1.07,74.02,58.11
2026-01-04 01:05:00,T1,1032,46.81,22.93,1.77,47.94,32.4
2026-01-04 01:10:00,T2,858,53.16,18.89,1.77,77.8,38.09
2026-01-04 01:15:00,T2,1367,25.02,34.32,2.64,41.39,23.27
2026-01-04 01:20:00,T1,935,48.48,21.83,3.05,82.58,41.89
2026-01-04 01:25:00,T6,136,86.91,13.7,2.67,24.05,25.46
2026-01-04 01:30:00,T10,953,59.82,25.82,2.76,33.18,32.81
2026-01-04 01:35:00,T8,138,89.54,16.92,2.69,74.86,32.34
2026-01-04 01:40:00,T8,176,84.44,13.22,0.22,73.18,53.24
2026-01-04 01:45:00,T4,85,103.49,13.44,0.4,57.3,54.54
2026-01-04 01:50:00,T4,738,57.06,23.32,2.91,27.74,33.6
2026-01-04 01:55:00,T10,310,85.85,16.66,1.14,49.52,40.17
2026-01-04 02:00:00,T6,838,57.02,19.39,0.83,30.82,54.23
2026-01-04 02:05:00,T10,530,82.55,18.45,0.7,75.99,57.56
2026-01-04 02:10:00,T9,321,78.72,14.28,0.39,36.81,54.69
2026-01-04 02:15:00,T9,755,56.66,21.25,2.6,91.35,55.38
2026-01-04 02:20:00,T1,517,83.43,20.23,2.63,94.22,26.32
2026-01-04 02:25:00,T2,1223,37.88,31.61,3.29,60.86,62.68
2026-01-04 02:30:00,T10,238,96.2,18.73,1.75,30.46,49.42
2026-01-04 02:35:00,T3,122,93.71,11.39,1.51,22.94,40.92
2026-01-04 02:40:00,T7,552,69.84,24.53,2.62,52.29,51.16
2026-01-04 02:45:00,T9,470,66.82,15.51,2.06,63.09,21.25
2026-01-04 02:50:00,T3,1279,42.78,28.86,2.18,44.67,35.81
2026-01-04 02:55:00,T6,1234,44.52,32.66,2.07,93.73,25.75
2026-01-04 03:00:00,T6,906,52.41,27.2,1.44,89.02,32.06
2026-01-04 03:05:00,T10,163,87.78,16.23,2.65,65.05,57.38
2026-01-04 03:10:00,T9,635,67.56,23.55,3.22,87.28,36.49
2026-01-04 03:15:00,T2,1416,28.62,25.9,1.42,22.37,31.22
2026-01-04 03:20:00,T9,1061,51.11,25.15,3.35,25.22,46.49
2026-01-04 03:25:00,T9,779,54.53,18.7,2.23,29.23,36.81
2026-01-04 03:30:00,T1,1030,45.65,23.88,2.38,67.25,26.28
2026-01-04 03:35:00,T6,751,56.94,18.56,1.67,55.33,48.58
2026-01-04 03:40:00,T3,772,62.92,24.18,3.14,23.22,34.99
2026-01-04 03:45:00,T10,593,61.38,15.44,2.06,85.6,58.4
2026-01-04 03:50:00,T10,677,64.84,17.09,2.99,66.98,23.52
2026-01-04 03:55:00,T6,1170,41.55,28.16,3.57,42.04,34.25
2026-01-04 04:00:00,T7,517,80.8,14.78,1.82,20.03,26.27
2026-01-04 04:05:00,T3,1106,46.82,22.55,1.97,70.57,43.48
2026-01-04 04:10:00,T9,1488,17.98,29.49,3.52,52.31,31.71
2026-01-04 04:15:00,T10,1136,36.0,31.54,2.09,68.65,49.03
2026-01-04 04:20:00,T4,1394,31.76,25.74,1.64,31.78,30.57
2026-01-04 04:25:00,T6,502,76.44,15.87,1.87,92.46,58.93
2026-01-04 04:30:00,T10,652,62.11,18.78,0.97,88.4,38.04
2026-01-04 04:35:00,T10,981,44.54,24.18,2.17,75.37,24.04
2026-01-04 04:40:00,T10,349,83.76,14.52,2.91,64.44,48.0
2026-01-04 04:45:00,T10,647,71.95,24.13,0.97,41.38,24.49
2026-01-04 04:50:00,T4,203,81.53,18.28,2.06,89.2,53.15
2026-01-04 04:55:00,T5,903,60.17,21.26,2.41,54.82,33.85
2026-01-04 05:00:00,T10,1373,22.11,29.88,2.22,52.65,61.83
2026-01-04 05:05:00,T3,623,74.94,17.78,1.03,48.08,61.8
2026-01-04 05:10:00,T4,1299,39.38,30.26,4.06,47.34,32.81
2026-01-04 05:15:00,T1,505,68.5,19.71,1.42,80.15,36.54
2026-01-04 05:20:00,T4,1333,43.33,32.73,3.15,64.59,57.63
2026-01-04 05:25:00,T5,228,88.05,14.26,1.61,75.71,38.21
2026-01-04 05:30:00,T6,1097,36.65,31.66,2.01,35.5,48.81
2026-01-04 05:35:00,T3,646,76.44,24.3,2.74,48.19,35.41
2026-01-04 05:40:00,T4,547,80.01,20.65,3.02,43.89,40.17
2026-01-04 05:45:00,T1,1266,45.28,26.59,3.41,21.86,51.53
2026-01-04 05:50:00,T5,572,61.66,24.74,2.53,35.33,34.03
2026-01-04 05:55:00,T2,888,54.84,25.01,1.79,50.96,63.32
2026-01-04 06:00:00,T3,396,88.98,20.99,0.72,63.95,35.56
2026-01-04 06:05:00,T6,301,83.24,17.8,0.99,44.99,51.98
2026-01-04 06:10:00,T4,511,72.66,15.7,0.75,33.69,43.65
2026-01-04 06:15:00,T1,1456,20.04,26.26,4.17,49.77,21.29
2026-01-04 06:20:00,T3,321,93.28,21.15,0.32,81.61,42.92
2026-01-04 06:25:00,T2,1000,52.68,26.29,0.92,79.88,45.36
2026-01-04 06:30:00,T7,674,66.07,17.99,0.8,76.43,44.98
2026-01-04 06:35:00,T4,1401,24.68,28.6,1.99,27.24,60.55
2026-01-04 06:40:00,T5,979,49.86,27.41,2.09,36.07,63.11
2026-01-04 06:45:00,T1,805,53.98,20.02,2.31,74.75,45.01
2026-01-04 06:50:00,T8,1430,21.45,30.98,2.26,53.02,44.21
2026-01-04 06:55:00,T3,651,70.08,22.12,1.28,94.1,21.26
2026-01-04 07:00:00,T7,1319,26.14,26.15,3.73,83.76,33.48
2026-01-04 07:05:00,T3,1197,30.67,28.61,2.33,93.13,60.66
2026-01-04 07:10:00,T6,401,70.9,19.78,2.28,23.38,20.48
2026-01-04 07:15:00,T10,381,86.35,16.78,2.51,53.18,62.45
2026-01-04 07:20:00,T5,1197,36.71,32.26,1.11,30.62,26.68
2026-01-04 07:25:00,T1,482,66.13,20.09,1.56,76.04,64.66
2026-01-04 07:30:00,T2,242,95.62,16.66,2.49,23.14,53.6
2026-01-04 07:35:00,T7,1229,29.76,25.91,2.94,75.42,58.26
2026-01-04 07:40:00,T7,1008,44.52,29.8,2.9,30.11,30.09
2026-01-04 07:45:00,T2,526,78.05,23.87,2.7,39.87,46.86
2026-01-04 07:50:00,T1,954,50.46,19.96,0.96,72.07,40.93
2026-01-04 07:55:00,T10,763,66.35,18.96,1.98,30.77,55.77
2026-01-04 08:00:00,T2,1378,29.84,29.06,1.71,33.16,52.15
2026-01-04 08:05:00,T7,1078,54.91,30.92,3.15,83.83,53.16
2026-01-04 08:10:00,T8,661,58.29,21.61,2.96,76.77,23.7
2026-01-04 08:15:00,T2,164,86.99,10.08,0.36,42.48,58.95
2026-01-04 08:20:00,T3,1075,50.89,21.74,1.74,89.57,63.89
2026-01-04 08:25:00,T4,1179,42.55,31.07,2.05,74.44,31.49
2026-01-04 08:30:00,T2,411,86.05,18.17,0.85,92.6,33.12
2026-01-04 08:35:00,T10,1418,31.47,34.95,2.07,77.13,21.57
2026-01-04 08:40:00,T7,948,59.42,26.24,0.88,45.59,53.73
2026-01-04 08:45:00,T3,94,94.08,10.87,3.02,56.42,41.64
2026-01-04 08:50:00,T2,598,76.39,18.17,1.12,45.93,22.88
2026-01-04 08:55:00,T7,973,47.38,26.53,2.92,62.49,36.65
2026-01-04 09:00:00,T7,1415,27.59,28.09,1.9,82.12,30.37
2026-01-04 09:05:00,T2,144,85.45,12.02,1.96,92.55,41.8
2026-01-04 09:10:00,T9,233,89.87,18.19,2.68,89.05,60.39
2026-01-04 09:15:00,T1,93,101.54,13.98,0.68,33.53,60.19
2026-01-04 09:20:00,T9,59,100.99,8.93,0.1,63.9,62.4
2026-01-04 09:25:00,T10,986,40.92,21.15,2.18,77.1,22.56
2026-01-04 09:30:00,T10,842,63.96,24.82,1.37,22.73,61.8
2026-01-04 09:35:00,T4,283,84.18,18.19,0.5,24.55,60.37
2026-01-04 09:40:00,T8,299,78.95,17.87,2.62,57.43,22.17
2026-01-04 09:45:00,T3,212,79.6,12.97,0.51,49.77,35.81
2026-01-04 09:50:00,T4,1026,53.25,22.77,3.8,93.25,26.64
2026-01-04 09:55:00,T4,115,103.23,18.84,1.52,47.74,64.25
2026-01-04 10:00:00,T6,339,73.63,21.74,2.16,89.71,64.04
2026-01-04 10:05:00,T9,585,63.4,22.92,2.48,43.27,32.78
2026-01-04 10:10:00,T5,693,55.67,21.08,2.22,62.27,63.26
2026-01-04 10:15:00,T10,1160,45.25,30.8,3.2,57.46,59.63
2026-01-04 10:20:00,T4,1199,46.13,30.07,3.43,78.97,43.87
2026-01-04 10:25:00,T4,298,87.43,16.2,2.58,72.24,62.5
2026-01-04 10:30:00,T2,1390,35.01,26.7,2.01,57.65,54.96
2026-01-04 10:35:00,T3,217,93.39,11.59,0.45,66.43,44.43
2026-01-04 10:40:00,T1,1201,49.76,26.06,1.74,57.43,49.55
2026-01-04 10:45:00,T5,272,77.36,17.04,2.16,50.57,25.75
2026-01-04 10:50:00,T8,1358,31.76,25.27,2.43,79.09,60.27
2026-01-04 10:55:00,T1,549,74.48,22.7,0.77,28.22,23.19
2026-01-04 11:00:00,T2,667,62.4,18.09,2.08,55.62,23.86
2026-01-04 11:05:00,T4,383,86.46,19.97,1.03,93.33,43.73
2026-01-04 11:10:00,T4,996,58.39,25.88,3.59,36.08,45.07
2026-01-04 11:15:00,T4,1449,21.68,27.78,1.6,61.19,42.85
